time,input,output
0.0,2.23,0.0
0.003000000000280455,2.16,0.0
0.00600000000056091,2.09,0.0
0.009000000000841364,2.03,0.0
0.01200000000112182,1.96,0.0
0.015000000001402275,1.9,0.0
0.01800000000168273,1.85,0.0
0.021000000001963184,1.79,0.0
0.02400000000224364,1.73,0.0
0.027000000002524095,1.68,0.0
0.03000000000280455,1.68,4.5
0.033000000003085006,1.73,4.48
0.03650000000343425,1.77,4.5
0.040000000003783495,1.81,4.5
0.04350000000413275,1.85,4.5
0.04700000000448199,1.88,4.48
0.050500000004831236,1.92,4.5
0.05400000000518048,1.95,4.5
0.057500000005529725,1.99,4.48
0.061000000005878977,2.02,4.48
0.06450000000622821,2.06,4.48
0.06800000000657747,2.08,4.48
0.07188888889504597,2.12,4.48
0.07577777778351447,2.15,4.48
0.07966666667198297,2.18,4.48
0.08355555556045147,2.21,4.48
0.08744444444891997,2.24,4.48
0.09133333333738847,2.27,4.48
0.09522222222585697,2.3,4.48
0.09911111111432547,2.33,4.48
0.10300000000279397,2.36,4.48
0.10618181818492965,2.39,4.48
0.10936363636706532,2.42,4.48
0.11254545454920101,2.44,4.48
0.11572727273133668,2.47,4.48
0.11890909091347236,2.5,4.48
0.12209090909560803,2.52,4.48
0.12527272727774372,2.55,4.48
0.1284545454598794,2.58,4.48
0.13163636364201506,2.6,4.48
0.13481818182415076,2.63,4.48
0.13800000000628643,2.65,4.48
0.1414000000062515,2.68,4.48
0.14480000000621657,2.7,4.48
0.14820000000618166,2.72,4.48
0.15160000000614673,2.75,4.48
0.1550000000061118,2.77,4.48
0.15840000000607687,2.8,4.48
0.16180000000604194,2.82,4.48
0.16520000000600704,2.84,4.48
0.1686000000059721,2.87,4.48
0.17200000000593718,2.89,4.48
0.17500000000555618,2.91,4.48
0.17800000000517519,2.93,4.48
0.1810000000047942,2.95,4.48
0.1840000000044132,2.98,4.48
0.18700000000403222,3.0,4.48
0.1900000000036512,3.02,4.48
0.19300000000327022,3.04,4.48
0.19600000000288922,3.06,4.48
0.19900000000250823,3.08,4.48
0.20200000000212723,3.1,4.48
0.20500000000174623,3.12,4.48
0.2087777777794852,3.14,4.48
0.21255555555722416,3.16,4.48
0.21633333333496316,3.18,4.48
0.22011111111270212,3.2,4.48
0.2238888888904411,3.22,4.48
0.22766666666818006,3.23,4.48
0.23144444444591905,3.25,4.48
0.23522222222365802,3.27,4.48
0.23900000000139698,3.29,4.48
0.24240000000136205,3.31,4.48
0.24580000000132712,3.33,4.48
0.24920000000129222,3.34,4.48
0.25260000000125726,3.24,0.0
0.25600000000122236,3.13,0.0
0.25940000000118746,3.03,0.0
0.2628000000011525,2.93,0.0
0.2662000000011176,2.83,0.0
0.26960000000108264,2.74,0.0
0.27300000000104774,2.65,0.0
0.27630000000135624,2.57,0.0
0.27960000000166474,2.49,0.0
0.28290000000197324,2.41,0.0
0.28620000000228174,2.33,0.0
0.28950000000259024,2.26,0.0
0.29280000000289874,2.19,0.0
0.29610000000320724,2.12,0.0
0.29940000000351574,2.06,0.0
0.30270000000382424,1.99,0.0
0.30600000000413274,1.93,0.0
0.3102222222264067,1.87,0.0
0.3144444444486807,1.81,0.0
0.3186666666709546,1.75,0.0
0.3228888888932286,1.7,0.0
0.32711111111550256,1.67,4.5
0.33133333333777654,1.71,4.48
0.33555555556005046,1.76,4.48
0.33977777778232443,1.8,4.5
0.3440000000045984,1.84,4.49
0.34661538461995617,1.87,4.48
0.34923076923531393,1.9,4.5
0.35184615385067164,1.94,4.48
0.3544615384660294,1.97,4.5
0.35707692308138717,2.01,4.48
0.35969230769674493,2.04,4.48
0.36230769231210264,2.08,4.48
0.3649230769274604,2.1,4.48
0.36753846154281816,2.14,4.48
0.3701538461581759,2.17,4.48
0.37276923077353363,2.2,4.48
0.3753846153888914,2.23,4.48
0.37800000000424916,2.26,4.48
0.3817777777819881,2.29,4.48
0.3855555555597271,2.32,4.48
0.38933333333746606,2.35,4.48
0.393111111115205,2.38,4.48
0.39688888889294405,2.4,4.48
0.400666666670683,2.43,4.48
0.404444444448422,2.46,4.48
0.40822222222616095,2.49,4.48
0.4120000000038999,2.51,4.48
0.41570000000356233,2.54,4.48
0.4194000000032247,2.57,4.48
0.4231000000028871,2.59,4.49
0.4268000000025495,2.62,4.48
0.4305000000022119,2.64,4.48
0.4342000000018743,2.67,4.48
0.43790000000153667,2.7,4.48
0.4416000000011991,2.71,4.48
0.44530000000086145,2.74,4.48
0.44900000000052387,2.76,4.48
0.4518333333338281,2.79,4.48
0.45466666666713235,2.81,4.48
0.45750000000043656,2.84,4.48
0.46033333333374077,2.86,4.48
0.46316666666704503,2.88,4.48
0.46600000000034925,2.91,4.48
0.46883333333365346,2.92,4.48
0.4716666666669577,2.95,4.48
0.47450000000026193,2.97,4.48
0.47733333333356615,2.99,4.48
0.4801666666668704,3.01,4.48
0.4830000000001746,3.03,4.48
0.48680000000022117,3.05,4.48
0.49060000000026777,3.07,4.48
0.4944000000003143,3.09,4.48
0.4982000000003609,3.12,4.48
0.5020000000004075,3.13,4.48
0.505800000000454,3.15,4.48
0.5096000000005005,3.17,4.48
0.5134000000005472,3.19,4.48
0.5172000000005937,3.21,4.48
0.5210000000006403,3.23,4.48
0.5245000000009895,3.25,4.48
0.5280000000013387,3.26,4.48
0.5315000000016881,3.28,4.48
0.5350000000020373,3.3,4.48
0.5385000000023865,3.32,4.48
0.5420000000027357,3.33,4.48
0.545500000003085,3.29,0.0
0.5490000000034343,3.17,0.0
0.5525000000037835,3.07,0.0
0.5560000000041327,2.96,0.0
0.5593000000037136,2.87,0.0
0.5626000000032946,2.78,0.0
0.5659000000028754,2.69,0.0
0.5692000000024564,2.6,0.0
0.5725000000020373,2.52,0.0
0.5758000000016181,2.44,0.0
0.5791000000011991,2.36,0.0
0.58240000000078,2.29,0.0
0.5857000000003609,2.22,0.0
0.5889999999999418,2.14,0.0
0.5920909090914805,2.08,0.0
0.5951818181830194,2.02,0.0
0.5982727272745582,1.95,0.0
0.6013636363660969,1.89,0.0
0.6044545454576358,1.83,0.0
0.6075454545491745,1.78,0.0
0.6106363636407134,1.72,0.0
0.6137272727322521,1.67,0.0
0.6168181818237909,1.69,4.5
0.6199090909153298,1.74,4.5
0.6230000000068685,1.78,4.5
0.6264000000068336,1.82,4.5
0.6298000000067987,1.86,4.5
0.6332000000067637,1.89,4.5
0.6366000000067288,1.93,4.5
0.6400000000066939,1.96,4.48
0.643400000006659,2.0,4.5
0.6468000000066241,2.03,4.48
0.6502000000065891,2.06,4.48
0.6536000000065542,2.09,4.48
0.6570000000065193,2.13,4.48
0.6607777777842583,2.16,4.48
0.6645555555619972,2.19,4.48
0.6683333333397362,2.22,4.48
0.6721111111174751,2.25,4.48
0.6758888888952141,2.28,4.48
0.6796666666729531,2.31,4.48
0.6834444444506921,2.34,4.48
0.687222222228431,2.37,4.49
0.69100000000617,2.39,4.48
0.6944000000061351,2.42,4.48
0.6978000000061002,2.45,4.48
0.7012000000060652,2.48,4.48
0.7046000000060303,2.5,4.48
0.7080000000059954,2.53,4.48
0.7114000000059605,2.55,4.48
0.7148000000059256,2.58,4.48
0.7182000000058906,2.61,4.48
0.7216000000058557,2.63,4.48
0.7250000000058208,2.66,4.48
0.728181818187295,2.69,4.48
0.7313636363687692,2.71,4.48
0.7345454545502434,2.73,4.48
0.7377272727317177,2.75,4.48
0.7409090909131919,2.78,4.48
0.7440909090946661,2.8,4.48
0.7472727272761404,2.83,4.48
0.7504545454576146,2.85,4.48
0.7536363636390888,2.87,4.48
0.756818181820563,2.9,4.48
0.7600000000020373,2.92,4.48
0.7637777777797763,2.94,4.48
0.7675555555575152,2.96,4.48
0.7713333333352542,2.98,4.49
0.7751111111129931,3.0,4.48
0.7788888888907322,3.02,4.48
0.7826666666684711,3.04,4.48
0.7864444444462101,3.07,4.48
0.790222222223949,3.09,4.48
0.794000000001688,3.11,4.48
0.797700000002078,3.13,4.48
0.801400000002468,3.14,4.48
0.805100000002858,3.16,4.48
0.808800000003248,3.18,4.48
0.812500000003638,3.2,4.48
0.8162000000040279,3.22,4.48
0.819900000004418,3.24,4.48
0.8236000000048079,3.26,4.48
0.827300000005198,3.28,4.48
0.8310000000055879,3.29,4.48
0.8340000000055928,3.31,4.48
0.8370000000055976,3.33,4.48
0.8400000000056025,3.34,0.0
0.8430000000056074,3.21,0.0
0.8460000000056122,3.11,0.0
0.849000000005617,3.0,0.0
0.8520000000056219,2.9,0.0
0.8550000000056267,2.81,0.0
0.8580000000056316,2.72,0.0
0.8610000000056365,2.63,0.0
0.8640000000056413,2.55,0.0
0.8670000000056461,2.47,0.0
0.8705000000052678,2.39,0.0
0.8740000000048894,2.31,0.0
0.8775000000045111,2.25,0.0
0.8810000000041327,2.17,0.0
0.8845000000037544,2.1,0.0
0.8880000000033761,2.04,0.0
0.8915000000029977,1.97,0.0
0.8950000000026194,1.91,0.0
0.898500000002241,1.86,0.0
0.9020000000018626,1.8,0.0
0.9053636363658536,1.74,0.0
0.9087272727298444,1.68,0.0
0.9120909090938354,1.67,4.5
0.9154545454578262,1.72,4.5
0.9188181818218172,1.77,4.48
0.922181818185808,1.81,4.48
0.925545454549799,1.84,4.5
0.9289090909137898,1.88,4.5
0.9322727272777808,1.91,4.5
0.9356363636417717,1.95,4.5
0.9390000000057626,1.98,4.5
0.942700000005425,2.02,4.48
0.9464000000050874,2.05,4.48
0.9501000000047497,2.08,4.48
0.9538000000044121,2.11,4.48
0.9575000000040745,2.14,4.48
0.961200000003737,2.18,4.48
0.9649000000033994,2.21,4.48
0.9686000000030617,2.24,4.48
0.9723000000027241,2.27,4.48
0.9760000000023865,2.3,4.48
0.979000000002667,2.33,4.48
0.9820000000029474,2.36,4.48
0.9850000000032278,2.38,4.48
0.9880000000035083,2.41,4.48
0.9910000000037887,2.44,4.48
0.9940000000040693,2.47,4.48
0.9970000000043497,2.5,4.48
1.00000000000463,2.52,4.48
1.0030000000049106,2.54,4.48
1.006000000005191,2.57,4.48
1.0090000000054715,2.6,4.48
1.0129000000051747,2.62,4.48
1.0168000000048778,2.65,4.48
1.020700000004581,2.67,4.48
1.024600000004284,2.7,4.48
1.0285000000039872,2.72,4.48
1.0324000000036904,2.74,4.48
1.0363000000033935,2.77,4.48
1.0402000000030966,2.8,4.48
1.0441000000027998,2.82,4.48
1.048000000002503,2.84,4.48
1.0512727272752356,2.87,4.48
1.054545454547968,2.89,4.48
1.0578181818207006,2.91,4.48
1.0610909090934333,2.93,4.48
1.0643636363661657,2.95,4.48
1.0676363636388984,2.97,4.48
1.0709090909116308,2.99,4.48
1.0741818181843634,3.01,4.48
1.077454545457096,3.04,4.48
1.0807272727298285,3.06,4.48
1.0840000000025611,3.08,4.48
1.0870000000028417,3.1,4.48
1.090000000003122,3.12,4.48
1.0930000000034026,3.13,4.48
1.096000000003683,3.16,4.48
1.0990000000039635,3.18,4.48
1.1020000000042438,3.2,4.48
1.1050000000045244,3.21,4.48
1.1080000000048047,3.23,4.48
1.1110000000050853,3.25,4.48
1.1140000000053656,3.27,4.48
1.1170000000056461,3.29,4.48
1.121111111116382,3.3,4.49
1.1252222222271182,3.32,4.48
1.1293333333378541,3.34,4.48
1.13344444444859,3.26,0.0
1.1375555555593262,3.14,0.0
1.1416666666700621,3.04,0.0
1.145777777780798,2.94,0.0
1.1498888888915342,2.84,0.0
1.15400000000227,2.75,0.0
1.1570909090931474,2.67,0.0
1.1601818181840249,2.58,0.0
1.1632727272749022,2.5,0.0
1.1663636363657794,2.42,0.0
1.1694545454566567,2.34,0.0
1.1725454545475342,2.27,0.0
1.1756363636384115,2.2,0.0
1.1787272727292888,2.13,0.0
1.181818181820166,2.07,0.0
1.1849090909110436,2.0,0.0
1.1880000000019209,1.94,0.0
1.1910909090927981,1.88,0.0
1.1941818181836756,1.82,0.0
1.197272727274553,1.76,0.0
1.2003636363654302,1.71,0.0
1.2034545454563075,1.66,0.0
1.206545454547185,1.71,4.49
1.2096363636380623,1.75,4.5
1.2127272727289395,1.79,4.5
1.2158181818198168,1.83,4.5
1.2189090909106943,1.87,4.5
1.2220000000015716,1.9,4.5
1.2258000000016183,1.93,4.5
1.2296000000016647,1.97,4.5
1.2334000000017113,2.0,4.48
1.2372000000017578,2.04,4.48
1.2410000000018044,2.07,4.48
1.244800000001851,2.1,4.48
1.2486000000018975,2.13,4.48
1.2524000000019442,2.16,4.48
1.2562000000019906,2.19,4.48
1.2600000000020373,2.23,4.48
1.2630000000023178,2.26,4.48
1.2660000000025982,2.29,4.48
1.2690000000028787,2.31,4.48
1.272000000003159,2.34,4.48
1.2750000000034396,2.37,4.48
1.27800000000372,2.4,4.48
1.2810000000040005,2.43,4.48
1.2840000000042808,2.46,4.48
1.2870000000045614,2.48,4.48
1.2900000000048417,2.51,4.49
1.2930000000051223,2.54,4.48
1.2966666666713234,2.56,4.48
1.3003333333375242,2.59,4.48
1.3040000000037253,2.61,4.48
1.3076666666699264,2.64,4.48
1.3113333333361272,2.67,4.48
1.3150000000023283,2.69,4.48
1.3186666666685294,2.71,4.48
1.3223333333347302,2.74,4.48
1.3260000000009313,2.76,4.48
1.3293636363649222,2.79,4.48
1.3327272727289132,2.81,4.48
1.336090909092904,2.83,4.48
1.339454545456895,2.86,4.48
1.3428181818208857,2.88,4.48
1.3461818181848768,2.9,4.48
1.3495454545488677,2.92,4.48
1.3529090909128585,2.94,4.48
1.3562727272768493,2.96,4.48
1.3596363636408404,2.99,4.48
1.3630000000048312,3.01,4.48
1.3667000000044935,3.03,4.48
1.370400000004156,3.05,4.48
1.3741000000038184,3.07,4.48
1.377800000003481,3.09,4.48
1.3815000000031432,3.11,4.48
1.3852000000028055,3.13,4.48
1.388900000002468,3.15,4.48
1.3926000000021304,3.17,4.48
1.3963000000017929,3.18,4.48
1.4000000000014552,3.21,4.48
1.4030909090923325,3.23,4.48
1.40618181818321,3.24,4.48
1.4092727272740873,3.26,4.48
1.4123636363649645,3.28,4.48
1.4154545454558418,3.3,4.48
1.4185454545467193,3.32,4.48
1.4216363636375966,3.33,4.48
1.4247272727284739,3.31,0.0
1.4278181818193512,3.18,0.0
1.4309090909102287,3.08,0.0
1.434000000001106,2.98,0.0
1.437400000001071,2.88,0.0
1.4408000000010361,2.79,0.0
1.4442000000010011,2.7,0.0
1.4476000000009663,2.61,0.0
1.4510000000009313,2.53,0.0
1.4544000000008963,2.45,0.0
1.4578000000008615,2.37,0.0
1.4612000000008265,2.3,0.0
1.4646000000007917,2.23,0.0
1.4680000000007567,2.16,0.0
1.4713000000010652,2.09,0.0
1.4746000000013737,2.02,0.0
1.4779000000016822,1.96,0.0
1.4812000000019907,1.9,0.0
1.4845000000022992,1.84,0.0
1.4878000000026077,1.78,0.0
1.4911000000029162,1.73,0.0
1.4944000000032247,1.67,0.0
1.4977000000035332,1.69,4.5
1.5010000000038417,1.73,4.5
1.5048000000038884,1.78,4.5
1.5086000000039348,1.81,4.5
1.5124000000039814,1.85,4.5
1.5162000000040279,1.89,4.5
1.5200000000040745,1.92,4.5
1.5238000000041212,1.96,4.5
1.5276000000041676,1.99,4.5
1.5314000000042143,2.02,4.48
1.5352000000042607,2.06,4.48
1.5390000000043074,2.09,4.48
1.5420000000039265,2.12,4.48
1.5450000000035453,2.15,4.48
1.5480000000031644,2.18,4.48
1.5510000000027835,2.22,4.48
1.5540000000024023,2.25,4.48
1.5570000000020214,2.28,4.49
1.5600000000016403,2.3,4.48
1.5630000000012594,2.33,4.48
1.5660000000008785,2.36,4.48
1.5690000000004973,2.39,4.48
1.5720000000001164,2.42,4.48
1.575666666667126,2.45,4.48
1.5793333333341353,2.48,4.48
1.5830000000011448,2.5,4.48
1.5866666666681541,2.52,4.48
1.5903333333351637,2.55,4.48
1.594000000002173,2.58,4.48
1.5976666666691826,2.61,4.48
1.6013333333361919,2.63,4.48
1.6050000000032014,2.66,4.48
1.608000000003482,2.68,4.48
1.6110000000037623,2.71,4.48
1.6140000000040429,2.73,4.48
1.6170000000043232,2.75,4.48
1.6200000000046038,2.78,4.48
1.623000000004884,2.8,4.48
1.6260000000051646,2.82,4.48
1.629000000005445,2.85,4.48
1.6320000000057255,2.87,4.48
1.6350000000060059,2.89,4.48
1.6380000000062864,2.92,4.49
1.6414000000062514,2.93,4.48
1.6448000000062166,2.95,4.48
1.6482000000061816,2.98,4.48
1.6516000000061468,3.0,4.48
1.6550000000061118,3.02,4.48
1.6584000000060768,3.04,4.48
1.661800000006042,3.06,4.48
1.665200000006007,3.08,4.48
1.6686000000059722,3.1,4.48
1.6720000000059372,3.12,4.48
1.6758888888944057,3.14,4.48
1.6797777777828742,3.16,4.48
1.6836666666713427,3.18,4.48
1.6875555555598112,3.2,4.48
1.6914444444482797,3.22,4.48
1.6953333333367482,3.24,4.48
1.6992222222252167,3.25,4.48
1.7031111111136852,3.28,4.48
1.7070000000021537,3.29,4.48
1.7107000000025436,3.31,4.48
1.7144000000029336,3.33,4.48
1.7181000000033237,3.34,4.48
1.7218000000037137,3.23,0.0
1.7255000000041036,3.12,0.0
1.7292000000044936,3.01,0.0
1.7329000000048835,2.92,0.0
1.7366000000052737,2.82,0.0
1.7403000000056636,2.73,0.0
1.7440000000060536,2.65,0.0
1.7470909090969309,2.56,0.0
1.7501818181878084,2.48,0.0
1.7532727272786857,2.4,0.0
1.756363636369563,2.32,0.0
1.7594545454604402,2.25,0.0
1.7625454545513177,2.18,0.0
1.765636363642195,2.11,0.0
1.7687272727330723,2.05,0.0
1.7718181818239496,1.98,0.0
1.774909090914827,1.92,0.0
1.7780000000057044,1.86,0.0
1.7810909090965816,1.81,0.0
1.7841818181874591,1.75,0.0
1.7872727272783364,1.69,0.0
1.7903636363692137,1.67,4.49
1.793454545460091,1.72,4.5
1.7965454545509685,1.76,4.48
1.7996363636418458,1.8,4.5
1.802727272732723,1.84,4.5
1.8058181818236003,1.88,4.5
1.8089090909144778,1.91,4.48
1.812000000005355,1.94,4.5
1.816111111116091,1.98,4.5
1.8202222222268272,2.01,4.48
1.824333333337563,2.05,4.48
1.828444444448299,2.08,4.48
1.8325555555590352,2.11,4.48
1.836666666669771,2.14,4.48
1.840777777780507,2.17,4.48
1.8448888888912431,2.2,4.48
1.849000000001979,2.24,4.48
1.8521818181841148,2.27,4.48
1.8553636363662505,2.29,4.48
1.8585454545483862,2.32,4.48
1.8617272727305219,2.35,4.48
1.8649090909126576,2.38,4.48
1.868090909094793,2.41,4.48
1.8712727272769287,2.43,4.48
1.8744545454590644,2.46,4.48
1.8776363636412001,2.49,4.48
1.8808181818233358,2.52,4.48
1.8840000000054715,2.54,4.48
1.8870909090963488,2.57,4.48
1.8901818181872263,2.6,4.48
1.8932727272781036,2.62,4.48
1.8963636363689809,2.65,4.48
1.8994545454598581,2.67,4.48
1.9025454545507356,2.7,4.48
1.905636363641613,2.72,4.48
1.9087272727324902,2.74,4.48
1.9118181818233675,2.77,4.48
1.914909090914245,2.79,4.48
1.9180000000051223,2.82,4.48
1.921800000005169,2.84,4.48
1.9256000000052154,2.86,4.48
1.929400000005262,2.89,4.48
1.9332000000053084,2.91,4.48
1.937000000005355,2.93,4.48
1.9408000000054018,2.95,4.48
1.9446000000054482,2.97,4.48
1.9484000000054948,2.99,4.48
1.9522000000055413,3.01,4.48
1.956000000005588,3.03,4.48
1.959000000005207,3.05,4.48
1.9620000000048259,3.08,4.48
1.965000000004445,3.1,4.48
1.968000000004064,3.12,4.48
1.971000000003683,3.13,4.48
1.974000000003302,3.15,4.48
1.9770000000029209,3.17,4.48
1.98000000000254,3.19,4.48
1.983000000002159,3.21,4.48
1.986000000001778,3.23,4.48
1.989000000001397,3.25,4.49
1.9931111111129414,3.27,4.48
1.9972222222244858,3.28,4.48
2.00133333333603,3.31,4.48
2.0054444444475745,3.32,4.48
2.0095555555591194,3.33,4.48
2.0136666666706637,3.28,0.0
2.017777777782208,3.16,0.0
2.0218888888937525,3.05,0.0
2.026000000005297,2.95,0.0
2.0290909090961744,2.86,0.0
2.0321818181870515,2.76,0.0
2.035272727277929,2.68,0.0
2.0383636363688065,2.59,0.0
2.0414545454596835,2.5,0.0
2.044545454550561,2.43,0.0
2.047636363641438,2.35,0.0
2.0507272727323156,2.28,0.0
2.053818181823193,2.21,0.0
2.05690909091407,2.14,0.0
2.0600000000049477,2.07,0.0
2.0632727272776803,2.01,0.0
2.066545454550413,1.94,0.0
2.069818181823145,1.88,0.0
2.073090909095878,1.83,0.0
2.0763636363686104,1.77,0.0
2.079636363641343,1.71,0.0
2.0829090909140757,1.66,0.0
2.0861818181868084,1.7,4.5
2.0894545454595406,1.75,4.5
2.092727272732273,1.78,4.5
2.096000000005006,1.83,4.5
2.099700000004668,1.86,4.5
2.1034000000043305,1.89,4.5
2.1071000000039932,1.93,4.48
2.1108000000036555,1.97,4.5
2.114500000003318,2.0,4.48
2.11820000000298,2.03,4.48
2.1219000000026425,2.07,4.48
2.125600000002305,2.1,4.48
2.1293000000019675,2.13,4.48
2.13300000000163,2.16,4.48
2.1361818181837653,2.19,4.48
2.139363636365901,2.22,4.48
2.1425454545480367,2.26,4.48
2.1457272727301726,2.28,4.48
2.148909090912308,2.31,4.48
2.152090909094444,2.34,4.48
2.1552727272765795,2.37,4.48
2.1584545454587154,2.4,4.48
2.161636363640851,2.42,4.49
2.164818181822987,2.45,4.48
2.1680000000051223,2.48,4.48
2.171800000005169,2.51,4.48
2.1756000000052156,2.53,4.48
2.179400000005262,2.56,4.48
2.1832000000053084,2.59,4.48
2.187000000005355,2.61,4.48
2.1908000000054018,2.64,4.48
2.1946000000054484,2.66,4.48
2.1984000000054946,2.69,4.48
2.2022000000055413,2.71,4.48
2.206000000005588,2.73,4.48
2.2092727272783206,2.76,4.48
2.2125454545510532,2.78,4.48
2.2158181818237854,2.8,4.48
2.219090909096518,2.83,4.48
2.2223636363692507,2.85,4.48
2.2256363636419834,2.88,4.48
2.228909090914716,2.9,4.48
2.2321818181874487,2.92,4.48
2.235454545460181,2.94,4.48
2.2387272727329135,2.96,4.48
2.242000000005646,2.98,4.48
2.2450000000052652,3.0,4.48
2.2480000000048843,3.02,4.48
2.251000000004503,3.05,4.48
2.254000000004122,3.07,4.48
2.257000000003741,3.09,4.48
2.26000000000336,3.11,4.48
2.2630000000029793,3.13,4.48
2.2660000000025984,3.14,4.48
2.269000000002217,3.16,4.48
2.272000000001836,3.18,4.48
2.275000000001455,3.2,4.48
2.27840000000142,3.22,4.48
2.281800000001385,3.24,4.48
2.2852000000013506,3.26,4.48
2.2886000000013156,3.28,4.48
2.2920000000012806,3.3,4.48
2.2954000000012456,3.31,4.48
2.2988000000012105,3.33,4.48
2.302200000001176,3.32,0.0
2.305600000001141,3.2,0.0
2.309000000001106,3.09,0.0
2.3120909090919834,2.99,0.0
2.3151818181828605,2.89,0.0
2.318272727273738,2.8,0.0
2.3213636363646155,2.71,0.0
2.3244545454554926,2.62,0.0
2.32754545454637,2.54,0.0
2.330636363637247,2.46,0.0
2.3337272727281246,2.38,0.0
2.336818181819002,2.3,0.0
2.339909090909879,2.23,0.0
2.3430000000007567,2.16,0.0
2.3467777777784957,2.09,0.0
2.3505555555562347,2.03,0.0
2.3543333333339738,1.97,0.0
2.358111111111713,1.9,0.0
2.3618888888894514,1.85,0.0
2.3656666666671904,1.79,0.0
2.3694444444449294,1.73,0.0
2.3732222222226684,1.68,0.0
2.3770000000004075,1.68,4.5
2.380300000000716,1.73,4.5
2.3836000000010245,1.77,4.5
2.386900000001333,1.81,4.5
2.3902000000016415,1.85,4.5
2.39350000000195,1.88,4.5
2.3968000000022585,1.92,4.5
2.400100000002567,1.95,4.5
2.4034000000028755,1.99,4.5
2.406700000003184,2.02,4.48
2.4100000000034925,2.05,4.48
2.4134000000034574,2.08,4.48
2.4168000000034224,2.12,4.48
2.420200000003388,2.15,4.48
2.423600000003353,2.18,4.49
2.427000000003318,2.21,4.48
2.430400000003283,2.24,4.48
2.433800000003248,2.27,4.48
2.4372000000032132,2.3,4.48
2.4406000000031782,2.33,4.48
2.444000000003143,2.36,4.48
2.4475000000034925,2.39,4.48
2.451000000003842,2.41,4.48
2.4545000000041908,2.44,4.48
2.45800000000454,2.47,4.48
2.4615000000048894,2.5,4.48
2.465000000005239,2.52,4.48
2.468500000005588,2.55,4.48
2.472000000005937,2.57,4.48
2.4755000000062863,2.6,4.48
2.4790000000066357,2.63,4.48
2.4823000000062168,2.65,4.48
2.4856000000057974,2.68,4.48
2.4889000000053785,2.7,4.48
2.492200000004959,2.72,4.48
2.49550000000454,2.75,4.48
2.4988000000041213,2.77,4.48
2.502100000003702,2.8,4.48
2.505400000003283,2.82,4.48
2.5087000000028636,2.85,4.49
2.5120000000024447,2.87,4.48
2.5153000000027532,2.89,4.48
2.5186000000030617,2.91,4.48
2.5219000000033702,2.93,4.48
2.5252000000036787,2.95,4.48
2.5285000000039872,2.98,4.48
2.5318000000042957,3.0,4.48
2.5351000000046042,3.02,4.48
2.5384000000049127,3.04,4.48
2.5417000000052212,3.06,4.48
2.5450000000055297,3.08,4.48
2.5487777777832687,3.1,4.48
2.5525555555610078,3.12,4.48
2.556333333338747,3.14,4.48
2.560111111116486,3.16,4.48
2.5638888888942244,3.18,4.48
2.5676666666719634,3.2,4.48
2.5714444444497024,3.21,4.48
2.5752222222274415,3.23,4.48
2.5790000000051805,3.25,4.48
2.5824000000051455,3.27,4.48
2.5858000000051105,3.29,4.48
2.589200000005076,3.31,4.48
2.592600000005041,3.32,4.48
2.596000000005006,3.34,4.5
2.599400000004971,3.25,0.0
2.602800000004936,3.13,0.0
2.6062000000049013,3.03,0.0
2.6096000000048662,2.93,0.0
2.6130000000048312,2.83,0.0
2.6160909090957087,2.74,0.0
2.619181818186586,2.65,0.0
2.6222727272774633,2.57,0.0
2.625363636368341,2.49,0.0
2.628454545459218,2.41,0.0
2.6315454545500954,2.33,0.0
2.6346363636409724,2.26,0.0
2.63772727273185,2.19,0.0
2.6408181818227274,2.12,0.0
2.6439090909136045,2.06,0.0
2.647000000004482,1.99,0.0
2.650400000004447,1.93,0.0
2.653800000004412,1.87,0.0
2.6572000000043774,1.81,0.0
2.6606000000043424,1.75,0.0
2.6640000000043074,1.7,0.0
2.6674000000042724,1.67,4.49
2.6708000000042373,1.71,4.5
2.6742000000042028,1.76,4.5
2.6776000000041678,1.8,4.48
2.6810000000041327,1.83,4.5
2.685111111114869,1.87,4.5
2.6892222222256046,1.9,4.5
2.6933333333363407,1.94,4.5
2.697444444447077,1.97,4.5
2.7015555555578126,2.01,4.48
2.7056666666685487,2.04,4.48
2.709777777779285,2.08,4.48
2.7138888888900206,2.11,4.48
2.7180000000007567,2.14,4.48
2.7214545454553445,2.17,4.48
2.7249090909099323,2.2,4.48
2.72836363636452,2.23,4.48
2.731818181819108,2.26,4.48
2.7352727272736956,2.29,4.48
2.7387272727282834,2.32,4.48
2.742181818182871,2.35,4.48
2.745636363637459,2.38,4.48
2.749090909092047,2.4,4.48
2.7525454545466346,2.43,4.48
2.7560000000012224,2.46,4.48
2.7587500000014793,2.49,4.48
2.7615000000017367,2.51,4.48
2.7642500000019936,2.54,4.48
2.7670000000022505,2.57,4.48
2.769750000002508,2.59,4.48
2.772500000002765,2.62,4.48
2.775250000003022,2.64,4.48
2.778000000003279,2.67,4.48
2.780750000003536,2.69,4.48
2.783500000003793,2.72,4.48
2.7862500000040504,2.74,4.48
2.7890000000043074,2.76,4.48
2.792500000003929,2.79,4.48
2.7960000000035508,2.81,4.48
2.7995000000031722,2.84,4.48
2.803000000002794,2.86,4.48
2.8065000000024156,2.88,4.48
2.810000000002037,2.9,4.48
2.813500000001659,2.92,4.48
2.8170000000012805,2.94,4.48
2.8205000000009024,2.97,4.48
2.824000000000524,2.99,4.48
2.827777777778263,3.01,4.48
2.831555555556002,3.03,4.48
2.835333333333741,3.05,4.48
2.83911111111148,3.07,4.48
2.8428888888892185,3.09,4.48
2.8466666666669576,3.11,4.48
2.8504444444446966,3.13,4.48
2.8542222222224356,3.15,4.48
2.8580000000001746,3.17,4.48
2.861500000000524,3.19,4.49
2.8650000000008733,3.21,4.48
2.868500000001222,3.23,4.48
2.8720000000015715,3.25,4.48
2.875500000001921,3.26,4.48
2.87900000000227,3.28,4.48
2.8825000000026195,3.3,4.48
2.8860000000029684,3.32,4.48
2.8895000000033177,3.33,4.48
2.893000000003667,3.29,0.0
2.8961818181851413,3.17,0.0
2.8993636363666155,3.07,0.0
2.9025454545480898,2.96,0.0
2.905727272729564,2.87,0.0
2.908909090911038,2.77,0.0
2.9120909090925124,2.69,0.0
2.9152727272739867,2.6,0.0
2.918454545455461,2.52,0.0
2.921636363636935,2.44,0.0
2.9248181818184094,2.36,0.0
2.9279999999998836,2.29,0.0
2.931000000000164,2.22,0.0
2.9340000000004447,2.15,0.0
2.937000000000725,2.08,0.0
2.9400000000010054,2.02,0.0
2.9430000000012857,1.95,0.0
2.9460000000015665,1.89,0.0
2.949000000001847,1.83,0.0
2.952000000002127,1.78,0.0
2.9550000000024075,1.72,0.0
2.9580000000026883,1.67,0.0
2.9610000000029686,1.69,4.48
2.965125000003354,1.74,4.5
2.96925000000374,1.78,4.5
2.9733750000041255,1.82,4.5
2.977500000004511,1.86,4.5
2.9816250000048967,1.89,4.48
2.9857500000052823,1.93,4.5
2.989875000005668,1.96,4.5
2.9940000000060536,1.99,4.5
2.9972727272787862,2.03,4.48
3.000545454551519,2.06,4.48
3.003818181824251,2.09,4.48
3.0070909090969837,2.12,4.48
3.0103636363697164,2.15,4.48
3.013636363642449,2.19,4.48
3.0169090909151817,2.22,4.48
3.0201818181879143,2.25,4.48
3.0234545454606465,2.28,4.48
3.026727272733379,2.31,4.48
3.030000000006112,2.34,4.49
3.033363636369441,2.37,4.48
3.0367272727327705,2.39,4.48
3.0400909090961004,2.42,4.48
3.0434545454594297,2.45,4.48
3.046818181822759,2.48,4.48
3.0501818181860885,2.5,4.48
3.053545454549418,2.53,4.48
3.056909090912747,2.55,4.48
3.060272727276077,2.58,4.48
3.0636363636394064,2.61,4.48
3.0670000000027358,2.63,4.48
3.0701818181848712,2.66,4.48
3.073363636367007,2.68,4.48
3.0765454545491426,2.71,4.48
3.0797272727312786,2.73,4.48
3.082909090913414,2.75,4.48
3.08609090909555,2.78,4.48
3.0892727272776854,2.8,4.48
3.0924545454598213,2.82,4.48
3.095636363641957,2.85,4.48
3.0988181818240927,2.87,4.48
3.102000000006228,2.9,4.48
3.106000000006235,2.92,4.48
3.110000000006241,2.94,4.48
3.1140000000062478,2.96,4.48
3.118000000006254,2.98,4.48
3.1220000000062607,3.0,4.48
3.126000000006267,3.02,4.48
3.1300000000062735,3.04,4.48
3.1340000000062798,3.07,4.48
3.1380000000062864,3.09,4.48
3.141090909097164,3.11,4.48
3.144181818188041,3.13,4.48
3.1472727272789185,3.14,4.48
3.150363636369796,3.16,4.48
3.153454545460673,3.18,4.48
3.1565454545515506,3.2,4.48
3.1596363636424276,3.22,4.48
3.162727272733305,3.24,4.48
3.1658181818241826,3.26,4.48
3.1689090909150597,3.27,4.48
3.172000000005937,3.29,4.48
3.175400000005902,3.31,4.48
3.178800000005867,3.33,4.48
3.1822000000058326,3.34,0.0
3.1856000000057976,3.21,0.0
3.1890000000057626,3.11,0.0
3.1924000000057275,3.0,0.0
3.1958000000056925,2.91,0.0
3.199200000005658,2.81,0.0
3.202600000005623,2.72,0.0
3.206000000005588,2.63,0.0
3.209300000005169,2.55,0.0
3.2126000000047497,2.47,0.0
3.2159000000043307,2.39,0.0
3.2192000000039114,2.31,0.0
3.2225000000034925,2.25,0.0
3.2258000000030735,2.17,0.0
3.229100000002654,2.1,0.0
3.2324000000022353,2.04,0.0
3.235700000001816,1.97,0.0
3.239000000001397,1.91,0.0
3.242700000001787,1.86,0.0
3.246400000002177,1.8,0.0
3.250100000002567,1.74,0.0
3.2538000000029568,1.69,0.0
3.257500000003347,1.68,4.5
3.261200000003737,1.72,4.5
3.264900000004127,1.77,4.5
3.268600000004517,1.8,4.48
3.2723000000049067,1.84,4.48
3.276000000005297,1.88,4.5
3.279300000004878,1.91,4.5
3.2826000000044586,1.95,4.5
3.2859000000040397,1.98,4.5
3.2892000000036203,2.02,4.48
3.2925000000032014,2.05,4.48
3.2958000000027825,2.08,4.49
3.299100000002363,2.11,4.48
3.3024000000019442,2.15,4.48
3.305700000001525,2.18,4.48
3.309000000001106,2.21,4.48
3.3122727272738386,2.24,4.48
3.3155454545465712,2.27,4.48
3.3188181818193034,2.29,4.48
3.322090909092036,2.33,4.48
3.3253636363647687,2.35,4.48
3.3286363636375014,2.38,4.48
3.331909090910234,2.41,4.48
3.3351818181829667,2.44,4.48
3.338454545455699,2.47,4.48
3.3417272727284315,2.5,4.48
3.345000000001164,2.52,4.48
3.3487000000015543,2.55,4.48
3.352400000001944,2.57,4.48
3.356100000002334,2.6,4.48
3.359800000002724,2.63,4.48
3.363500000003114,2.65,4.48
3.3672000000035043,2.68,4.48
3.370900000003894,2.7,4.48
3.374600000004284,2.72,4.48
3.378300000004674,2.75,4.48
3.382000000005064,2.77,4.49
3.3852727272777967,2.8,4.48
3.3885454545505294,2.82,4.48
3.3918181818232616,2.84,4.48
3.395090909095994,2.87,4.48
3.398363636368727,2.89,4.48
3.4016363636414595,2.91,4.48
3.404909090914192,2.93,4.48
3.408181818186925,2.95,4.48
3.411454545459657,2.97,4.48
3.4147272727323896,2.99,4.48
3.4180000000051223,3.02,4.48
3.421600000005128,3.04,4.48
3.425200000005134,3.06,4.48
3.4288000000051397,3.08,4.48
3.4324000000051456,3.1,4.48
3.4360000000051514,3.12,4.48
3.439600000005157,3.13,4.48
3.443200000005163,3.15,4.48
3.446800000005169,3.17,4.48
3.4504000000051747,3.19,4.48
3.4540000000051805,3.21,4.48
3.457090909096058,3.23,4.48
3.460181818186935,3.25,4.48
3.4632727272778125,3.27,4.48
3.46636363636869,3.29,4.49
3.469454545459567,3.31,4.48
3.4725454545504446,3.32,4.48
3.4756363636413217,3.34,4.48
3.478727272732199,3.26,0.0
3.4818181818230767,3.14,0.0
3.4849090909139537,3.04,0.0
3.4880000000048312,2.94,0.0
3.4913000000044123,2.84,0.0
3.494600000003993,2.75,0.0
3.497900000003574,2.67,0.0
3.5012000000031547,2.58,0.0
3.5045000000027358,2.5,0.0
3.507800000002317,2.42,0.0
3.5111000000018975,2.34,0.0
3.5144000000014786,2.27,0.0
3.517700000001059,2.2,0.0
3.5210000000006403,2.13,0.0
3.5244000000006053,2.07,0.0
3.5278000000005703,2.0,0.0
3.5312000000005357,1.93,0.0
3.5346000000005007,1.88,0.0
3.5380000000004657,1.82,0.0
3.5414000000004306,1.76,0.0
3.5448000000003956,1.71,0.0
3.548200000000361,1.66,4.49
3.551600000000326,1.71,4.5
3.555000000000291,1.75,4.5
3.558400000000256,1.79,4.5
3.561800000000221,1.83,4.5
3.5652000000001864,1.87,4.5
3.5686000000001514,1.9,4.5
3.5720000000001164,1.93,4.5
3.5754000000000814,1.97,4.5
3.5788000000000464,2.01,4.48
3.582200000000012,2.04,4.48
3.585599999999977,2.07,4.48
3.588999999999942,2.1,4.48
3.5924000000006346,2.13,4.48
3.595800000001327,2.17,4.48
3.59920000000202,2.2,4.48
3.6026000000027123,2.23,4.48
3.606000000003405,2.26,4.48
3.609400000004098,2.29,4.48
3.6128000000047904,2.32,4.48
3.6162000000054833,2.34,4.48
3.6196000000061757,2.37,4.48
3.6230000000068685,2.4,4.48
3.6263000000064496,2.43,4.48
3.6296000000060302,2.46,4.48
3.6329000000056113,2.49,4.48
3.636200000005192,2.51,4.48
3.639500000004773,2.54,4.48
3.642800000004354,2.56,4.48
3.6461000000039347,2.59,4.48
3.649400000003516,2.62,4.48
3.6527000000030965,2.64,4.48
3.6560000000026776,2.67,4.48
3.6597777777804166,2.69,4.48
3.6635555555581556,2.71,4.48
3.6673333333358946,2.74,4.48
3.6711111111136336,2.76,4.48
3.674888888891372,2.78,4.48
3.6786666666691112,2.81,4.48
3.6824444444468503,2.83,4.48
3.6862222222245893,2.86,4.48
3.6900000000023283,2.88,4.48
3.693181818184464,2.9,4.48
3.6963636363665997,2.92,4.48
3.699545454548735,2.94,4.48
3.702727272730871,2.96,4.48
3.7059090909130066,2.99,4.48
3.7090909090951425,3.01,4.48
3.712272727277278,3.03,4.48
3.715454545459414,3.05,4.48
3.7186363636415494,3.07,4.48
3.7218181818236853,3.09,4.48
3.7250000000058208,3.11,4.48
3.7284000000057858,3.13,4.49
3.7318000000057507,3.15,4.48
3.735200000005716,3.17,4.48
3.738600000005681,3.19,4.48
3.742000000005646,3.21,4.48
3.745400000005611,3.22,4.48
3.748800000005576,3.24,4.48
3.7522000000055415,3.26,4.48
3.7556000000055065,3.28,4.48
3.7590000000054715,3.3,4.48
3.7626666666716724,3.32,4.48
3.7663333333378737,3.33,4.48
3.7700000000040745,3.31,0.0
3.7736666666702754,3.18,0.0
3.7773333333364767,3.08,0.0
3.7810000000026776,2.98,0.0
3.7846666666688784,2.88,0.0
3.7883333333350797,2.79,0.0
3.7920000000012806,2.7,0.0
3.795300000001589,2.61,0.0
3.7986000000018976,2.53,0.0
3.801900000002206,2.45,0.0
3.8052000000025146,2.37,0.0
3.808500000002823,2.3,0.0
3.8118000000031316,2.23,0.0
3.81510000000344,2.16,0.0
3.8184000000037486,2.08,0.0
3.821700000004057,2.03,0.0
3.8250000000043656,1.96,0.0
3.828090909095243,1.9,0.0
3.83118181818612,1.84,0.0
3.8342727272769976,1.78,0.0
3.837363636367875,1.73,0.0
3.840454545458752,1.67,0.0
3.8435454545496297,1.69,4.48
3.8466363636405068,1.73,4.48
3.8497272727313843,1.78,4.5
3.8528181818222618,1.81,4.5
3.855909090913139,1.85,4.5
3.8590000000040163,1.88,4.5
3.862500000003638,1.92,4.5
3.8660000000032597,1.96,4.5
3.869500000002881,1.99,4.5
3.873000000002503,2.02,4.48
3.8765000000021246,2.06,4.48
3.880000000001746,2.09,4.48
3.883500000001368,2.12,4.48
3.8870000000009894,2.15,4.48
3.8905000000006114,2.18,4.48
3.894000000000233,2.21,4.48
3.897777777777972,2.25,4.49
3.901555555555711,2.28,4.48
3.90533333333345,2.3,4.48
3.909111111111189,2.33,4.48
3.9128888888889275,2.36,4.48
3.9166666666666665,2.39,4.48
3.9204444444444055,2.42,4.48
3.9242222222221446,2.45,4.48
3.9279999999998836,2.48,4.48
3.931300000000192,2.5,4.48
3.9346000000005006,2.52,4.48
3.937900000000809,2.55,4.48
3.9412000000011176,2.58,4.48
3.944500000001426,2.61,4.48
3.9478000000017346,2.63,4.48
3.951100000002043,2.66,4.48
3.9544000000023516,2.68,4.48
3.95770000000266,2.71,4.48
3.9610000000029686,2.73,4.48
3.964090909093846,2.75,4.48
3.967181818184723,2.78,4.48
3.9702727272756007,2.8,4.48
3.973363636366478,2.82,4.48
3.976454545457355,2.85,4.48
3.9795454545482327,2.87,4.48
3.9826363636391098,2.89,4.48
3.9857272727299873,2.92,4.48
3.988818181820865,2.93,4.48
3.991909090911742,2.96,4.48
3.9950000000026193,2.98,4.48
3.9991111111141637,3.0,4.48
4.003222222225708,3.02,4.48
4.007333333337253,3.04,4.48
4.011444444448797,3.06,4.48
4.015555555560342,3.08,4.48
4.019666666671886,3.1,4.48
4.0237777777834305,3.12,4.48
4.027888888894974,3.14,4.48
4.032000000006519,3.16,4.48
4.035000000006138,3.18,4.48
4.038000000005757,3.2,4.48
4.0410000000053765,3.22,4.48
4.044000000004996,3.24,4.48
4.047000000004615,3.25,4.48
4.050000000004233,3.27,4.48
4.053000000003852,3.29,4.48
4.056000000003471,3.31,4.48
4.05900000000309,3.33,4.48
4.062000000002709,3.34,4.48
4.065000000002328,3.23,0.0
4.068400000002294,3.12,0.0
4.071800000002258,3.01,0.0
4.075200000002224,2.92,0.0
4.078600000002188,2.82,0.0
4.082000000002154,2.73,0.0
4.085400000002119,2.64,0.0
4.088800000002084,2.56,0.0
4.092200000002049,2.48,0.0
4.095600000002014,2.4,0.0
4.099000000001979,2.32,0.0
4.102300000002288,2.25,0.0
4.105600000002596,2.18,0.0
4.108900000002905,2.11,0.0
4.112200000003213,2.05,0.0
4.115500000003522,1.98,0.0
4.11880000000383,1.92,0.0
4.122100000004139,1.86,0.0
4.125400000004447,1.8,0.0
4.128700000004756,1.75,0.0
4.132000000005064,1.69,0.0
4.135300000004645,1.67,4.5
4.138600000004226,1.72,4.5
4.141900000003806,1.76,4.5
4.1452000000033875,1.8,4.5
4.148500000002969,1.84,4.5
4.15180000000255,1.88,4.5
4.155100000002131,1.91,4.5
4.158400000001711,1.94,4.5
4.161700000001292,1.98,4.49
4.165000000000873,2.01,4.48
4.16900000000088,2.05,4.48
4.1730000000008864,2.08,4.48
4.177000000000892,2.11,4.48
4.181000000000899,2.14,4.48
4.1850000000009056,2.17,4.48
4.189000000000912,2.2,4.48
4.193000000000918,2.24,4.48
4.197000000000925,2.27,4.48
4.201000000000931,2.29,4.48
4.204363636364922,2.32,4.48
4.2077272727289134,2.35,4.48
4.211090909092904,2.38,4.48
4.214454545456895,2.41,4.48
4.217818181820886,2.44,4.48
4.221181818184877,2.47,4.48
4.224545454548868,2.49,4.48
4.227909090912859,2.52,4.48
4.231272727276849,2.54,4.48
4.23463636364084,2.57,4.48
4.238000000004831,2.6,4.48
4.241363636368161,2.62,4.48
4.24472727273149,2.65,4.48
4.248090909094819,2.67,4.48
4.251454545458149,2.7,4.49
4.254818181821478,2.72,4.48
4.258181818184808,2.74,4.48
4.261545454548138,2.77,4.48
4.264909090911467,2.79,4.48
4.2682727272747965,2.81,4.48
4.271636363638126,2.84,4.48
4.275000000001455,2.86,4.48
4.278363636365446,2.88,4.48
4.281727272729437,2.91,4.48
4.2850909090934275,2.93,4.48
4.2884545454574186,2.95,4.48
4.29181818182141,2.97,4.48
4.295181818185401,2.99,4.48
4.298545454549392,3.01,4.48
4.301909090913383,3.04,4.48
4.305272727277373,3.05,4.48
4.308636363641364,3.08,4.48
4.312000000005355,3.1,4.48
4.315300000004936,3.12,4.48
4.318600000004517,3.13,4.48
4.3219000000040975,3.15,4.48
4.3252000000036785,3.17,4.48
4.32850000000326,3.19,4.48
4.331800000002841,3.21,4.48
4.335100000002422,3.23,4.49
4.338400000002002,3.25,4.48
4.341700000001583,3.27,4.48
4.345000000001164,3.28,4.48
4.348090909092042,3.3,4.48
4.351181818182919,3.32,4.48
4.354272727273796,3.33,4.48
4.357363636364673,3.27,0.0
4.360454545455551,3.15,0.0
4.363545454546428,3.05,0.0
4.366636363637306,2.95,0.0
4.369727272728183,2.86,0.0
4.37281818181906,2.76,0.0
4.375909090909937,2.67,0.0
4.379000000000815,2.59,0.0
4.38240000000078,2.5,0.0
4.385800000000745,2.43,0.0
4.38920000000071,2.35,0.0
4.392600000000675,2.28,0.0
4.39600000000064,2.21,0.0
4.399400000000606,2.14,0.0
4.40280000000057,2.07,0.0
4.406200000000536,2.01,0.0
4.4096000000005,1.94,0.0
4.413000000000466,1.88,0.0
4.4166000000004715,1.83,0.0
4.420200000000477,1.77,0.0
4.423800000000483,1.71,0.0
4.427400000000489,1.66,0.0
4.431000000000495,1.7,4.48
4.434600000000501,1.75,4.5
4.438200000000506,1.79,4.5
4.441800000000512,1.83,4.5
4.445400000000518,1.86,4.5
4.449000000000524,1.89,4.5
4.452500000000873,1.93,4.5
4.4560000000012225,1.97,4.5
4.459500000001571,2.0,4.5
4.463000000001921,2.03,4.48
4.46650000000227,2.07,4.48
4.470000000002619,2.1,4.48
4.473500000002969,2.13,4.48
4.477000000003318,2.16,4.48
4.480500000003667,2.19,4.48
4.484000000004016,2.22,4.48
4.487400000003982,2.26,4.48
4.490800000003946,2.29,4.48
4.494200000003912,2.31,4.48
4.497600000003876,2.34,4.48
4.501000000003842,2.37,4.48
4.504400000003807,2.4,4.48
4.507800000003772,2.43,4.48
4.511200000003737,2.46,4.48
4.514600000003702,2.48,4.48
4.518000000003667,2.51,4.48
4.5213636363669965,2.53,4.48
4.524727272730326,2.56,4.48
4.528090909093655,2.58,4.48
4.531454545456985,2.61,4.48
4.534818181820314,2.64,4.48
4.538181818183644,2.66,4.48
4.541545454546974,2.69,4.48
4.544909090910303,2.71,4.48
4.548272727273632,2.73,4.48
4.551636363636962,2.76,4.48
4.555000000000291,2.78,4.48
4.558181818182427,2.81,4.48
4.561363636364562,2.83,4.48
4.564545454546698,2.85,4.48
4.567727272728834,2.88,4.48
4.57090909091097,2.9,4.48
4.574090909093105,2.92,4.48
4.577272727275241,2.94,4.48
4.580454545457377,2.96,4.48
4.5836363636395125,2.98,4.48
4.586818181821648,3.01,4.48
4.5900000000037835,3.03,4.48
4.593777777781522,3.05,4.48
4.5975555555592615,3.07,4.5
4.601333333337,3.09,4.48
4.60511111111474,3.11,4.48
4.608888888892478,3.13,4.48
4.612666666670218,3.15,4.48
4.616444444447956,3.17,4.48
4.620222222225696,3.18,4.48
4.624000000003434,3.2,4.48
4.627363636366764,3.22,4.48
4.630727272730093,3.24,4.48
4.634090909093422,3.26,4.48
4.637454545456752,3.28,4.48
4.640818181820081,3.3,4.48
4.644181818183411,3.31,4.48
4.647545454546741,3.33,4.48
4.65090909091007,3.33,0.0
4.6542727272733995,3.2,0.0
4.657636363636729,3.09,0.0
4.661000000000058,2.99,0.0
4.664090909091597,2.89,0.0
4.667181818183136,2.8,0.0
4.670272727274675,2.71,0.0
4.673363636366213,2.62,0.0
4.676454545457752,2.54,0.0
4.679545454549291,2.46,0.0
4.68263636364083,2.38,0.0
4.685727272732368,2.3,0.0
4.688818181823907,2.24,0.0
4.691909090915446,2.16,0.0
4.695000000006985,2.09,0.0
4.698600000006263,2.03,0.0
4.702200000005542,1.97,0.0
4.705800000004819,1.9,0.0
4.709400000004098,1.85,0.0
4.713000000003376,1.79,0.0
4.7166000000026544,1.73,0.0
4.720200000001933,1.68,0.0
4.72380000000121,1.68,4.48
4.727400000000489,1.73,4.5
4.730999999999767,1.77,4.5
4.734454545454355,1.81,4.5
4.737909090908943,1.85,4.5
4.7413636363635305,1.88,4.5
4.744818181818118,1.92,4.5
4.748272727272706,1.95,4.5
4.751727272727294,1.99,4.5
4.755181818181882,2.02,4.48
4.7586363636364695,2.06,4.48
4.762090909091057,2.08,4.48
4.765545454545645,2.12,4.48
4.769000000000233,2.15,4.49
4.772400000000198,2.18,4.48
4.775800000000163,2.21,4.48
4.779200000000128,2.24,4.48
4.782600000000093,2.27,4.48
4.786000000000058,2.3,4.48
4.789400000000024,2.33,4.48
4.792799999999988,2.36,4.48
4.796199999999954,2.39,4.48
4.799599999999918,2.41,4.48
4.802999999999884,2.44,4.48
4.806700000000274,2.47,4.48
4.810400000000664,2.5,4.48
4.814100000001053,2.52,4.48
4.817800000001443,2.55,4.48
4.8215000000018335,2.57,4.48
4.825200000002224,2.6,4.48
4.828900000002614,2.63,4.48
4.832600000003003,2.65,4.48
4.836300000003393,2.68,4.48
4.8400000000037835,2.7,4.48
4.843090909094661,2.72,4.48
4.8461818181855385,2.75,4.48
4.849272727276415,2.77,4.48
4.852363636367293,2.8,4.48
4.85545454545817,2.82,4.48
4.858545454549048,2.84,4.48
4.861636363639925,2.87,4.48
4.864727272730803,2.89,4.48
4.867818181821679,2.91,4.48
4.870909090912557,2.93,4.48
4.874000000003434,2.95,4.48
4.87718181818557,2.97,4.48
4.880363636367705,3.0,4.48
4.883545454549841,3.02,4.48
4.886727272731977,3.04,4.48
4.889909090914113,3.06,4.48
4.893090909096248,3.08,4.48
4.896272727278384,3.1,4.48
4.89945454546052,3.12,4.48
4.902636363642656,3.14,4.48
4.905818181824791,3.16,4.48
4.909000000006927,3.18,4.48
4.912300000006508,3.2,4.48
4.915600000006089,3.21,4.48
4.918900000005669,3.23,4.48
4.92220000000525,3.25,4.48
4.925500000004831,3.27,4.48
4.928800000004412,3.29,4.48
4.932100000003993,3.31,4.48
4.935400000003574,3.33,4.48
4.938700000003155,3.34,4.48
4.942000000002736,3.24,0.0
4.946111111114281,3.13,0.0
4.9502222222258245,3.02,0.0
4.954333333337369,2.92,0.0
4.958444444448913,2.83,0.0
4.962555555560458,2.74,0.0
4.966666666672002,2.65,0.0
4.970777777783547,2.57,0.0
4.974888888895091,2.49,0.0
4.979000000006636,2.41,0.0
4.982363636369965,2.33,0.0
4.985727272733294,2.26,0.0
4.989090909096624,2.19,0.0
4.992454545459953,2.12,0.0
4.9958181818232825,2.05,0.0
4.999181818186613,1.99,0.0
5.002545454549942,1.93,0.0
5.0059090909132715,1.87,0.0
5.009272727276601,1.81,0.0
5.01263636363993,1.75,0.0
5.01600000000326,1.7,0.0
5.0191818181853955,1.67,4.5
5.022363636367531,1.72,4.5
5.0255454545496665,1.76,4.5
5.028727272731802,1.8,4.5
5.031909090913938,1.83,4.5
5.035090909096073,1.87,4.49
5.038272727278209,1.9,4.5
5.041454545460345,1.94,4.5
5.044636363642481,1.97,4.5
5.047818181824616,2.01,4.48
5.051000000006752,2.04,4.48
5.0543636363700815,2.08,4.48
5.057727272733411,2.11,4.48
5.06109090909674,2.14,4.48
5.06445454546007,2.17,4.48
5.067818181823399,2.2,4.48
5.071181818186729,2.23,4.48
5.074545454550059,2.26,4.48
5.077909090913388,2.29,4.48
5.081272727276717,2.32,4.48
5.084636363640047,2.35,4.48
5.088000000003376,2.38,4.48
5.091272727276109,2.41,4.48
5.094545454548841,2.43,4.48
5.097818181821574,2.46,4.48
5.101090909094307,2.49,4.48
5.104363636367039,2.51,4.48
5.107636363639771,2.54,4.48
5.110909090912504,2.57,4.48
5.114181818185236,2.59,4.48
5.117454545457969,2.62,4.49
5.120727272730702,2.65,4.48
5.124000000003434,2.67,4.48
5.127300000003743,2.7,4.48
5.130600000004051,2.71,4.48
5.13390000000436,2.74,4.48
5.137200000004668,2.77,4.48
5.140500000004977,2.79,4.48
5.143800000005285,2.81,4.48
5.147100000005594,2.83,4.48
5.150400000005902,2.86,4.48
5.153700000006211,2.88,4.48
5.157000000006519,2.91,4.48
5.160400000006485,2.92,4.48
5.163800000006449,2.94,4.48
5.167200000006415,2.97,4.48
5.170600000006379,2.99,4.48
5.174000000006345,3.01,4.48
5.17740000000631,3.03,4.48
5.180800000006275,3.05,4.48
5.18420000000624,3.07,4.48
5.187600000006205,3.09,4.48
5.19100000000617,3.12,4.48
5.194300000005751,3.13,4.48
5.197600000005332,3.15,4.48
5.200900000004912,3.17,4.49
5.2042000000044935,3.19,4.48
5.2075000000040745,3.21,4.48
5.210800000003656,3.23,4.48
5.214100000003237,3.25,4.48
5.217400000002817,3.26,4.48
5.220700000002398,3.28,4.48
5.224000000001979,3.3,4.48
5.227777777779718,3.32,4.48
5.231555555557457,3.33,4.48
5.235333333335196,3.29,0.0
5.239111111112935,3.17,0.0
5.242888888890674,3.06,0.0
5.246666666668413,2.96,0.0
5.250444444446152,2.87,0.0
5.254222222223891,2.77,0.0
5.25800000000163,2.68,0.0
5.261300000001938,2.6,0.0
5.264600000002247,2.51,0.0
5.267900000002555,2.44,0.0
5.271200000002864,2.36,0.0
5.274500000003172,2.29,0.0
5.277800000003481,2.22,0.0
5.281100000003789,2.14,0.0
5.284400000004098,2.08,0.0
5.287700000004406,2.01,0.0
5.291000000004715,1.95,0.0
5.294000000004334,1.89,0.0
5.297000000003953,1.83,0.0
5.300000000003572,1.78,0.0
5.303000000003191,1.72,0.0
5.30600000000281,1.67,0.0
5.309000000002428,1.7,4.5
5.3120000000020475,1.74,4.5
5.315000000001667,1.78,4.5
5.318000000001286,1.82,4.5
5.321000000000905,1.86,4.5
5.324000000000524,1.89,4.5
5.327500000000873,1.93,4.5
5.3310000000012225,1.96,4.5
5.334500000001571,2.0,4.5
5.338000000001921,2.03,4.48
5.34150000000227,2.07,4.48
5.345000000002619,2.09,4.48
5.348500000002969,2.12,4.48
5.352000000003318,2.16,4.48
5.355500000003667,2.19,4.48
5.359000000004016,2.22,4.48
5.362777777781755,2.25,4.48
5.366555555559494,2.28,4.48
5.370333333337233,2.31,4.48
5.374111111114972,2.34,4.48
5.377888888892711,2.37,4.48
5.3816666666704505,2.39,4.48
5.385444444448189,2.42,4.48
5.3892222222259285,2.45,4.48
5.393000000003667,2.48,4.48
5.3964000000036325,2.5,4.48
5.399800000003597,2.53,4.48
5.4032000000035625,2.56,4.48
5.406600000003527,2.58,4.48
5.4100000000034925,2.61,4.48
5.413400000003458,2.64,4.48
5.416800000003422,2.66,4.48
5.420200000003388,2.69,4.48
5.423600000003352,2.71,4.48
5.427000000003318,2.73,4.48
5.430300000003626,2.76,4.48
5.433600000003935,2.78,4.48
5.436900000004243,2.8,4.48
5.440200000004552,2.83,4.48
5.44350000000486,2.85,4.48
5.446800000005169,2.87,4.48
5.450100000005477,2.9,4.48
5.453400000005786,2.92,4.48
5.456700000006094,2.94,4.48
5.460000000006403,2.96,4.48
5.463800000006449,2.98,4.48
5.467600000006496,3.0,4.49
5.471400000006542,3.02,4.48
5.4752000000065895,3.04,4.48
5.479000000006636,3.07,4.48
5.482800000006682,3.09,4.48
5.486600000006729,3.11,4.48
5.490400000006775,3.13,4.48
5.494200000006822,3.14,4.48
5.4980000000068685,3.16,4.48
5.501090909097746,3.18,4.48
5.5041818181886235,3.2,4.48
5.5072727272795,3.22,4.48
5.510363636370378,3.24,4.48
5.513454545461255,3.26,4.48
5.516545454552133,3.28,4.48
5.51963636364301,3.29,4.48
5.522727272733888,3.31,4.48
5.525818181824764,3.33,4.48
5.528909090915642,3.34,0.0
5.532000000006519,3.21,0.0
5.535600000006525,3.11,0.0
5.539200000006531,3.0,0.0
5.542800000006537,2.9,0.0
5.5464000000065425,2.81,0.0
5.550000000006548,2.71,0.0
5.553600000006554,2.63,0.0
5.55720000000656,2.55,0.0
5.560800000006566,2.47,0.0
5.564400000006572,2.39,0.0
5.5680000000065775,2.31,0.0
5.57127272727931,2.24,0.0
5.574545454552043,2.17,0.0
5.577818181824775,2.1,0.0
5.581090909097508,2.04,0.0
5.584363636370241,1.97,0.0
5.5876363636429724,1.91,0.0
5.590909090915705,1.85,0.0
5.594181818188438,1.8,0.0
5.59745454546117,1.74,0.0
5.600727272733903,1.68,0.0
5.604000000006636,1.68,4.5
5.607090909097513,1.73,4.5
5.610181818188391,1.77,4.5
5.613272727279267,1.81,4.5
5.616363636370145,1.84,4.5
5.619454545461022,1.88,4.5
5.6225454545519,1.91,4.5
5.625636363642777,1.95,4.5
5.628727272733655,1.98,4.48
5.631818181824531,2.02,4.48
5.634909090915409,2.05,4.49
5.638000000006286,2.08,4.48
5.641666666672488,2.11,4.48
5.645333333338688,2.15,4.48
5.649000000004889,2.18,4.48
5.652666666671091,2.21,4.48
5.656333333337291,2.24,4.48
5.6600000000034925,2.27,4.48
5.663666666669694,2.29,4.48
5.667333333335894,2.33,4.48
5.6710000000020955,2.35,4.48
5.6743636363660865,2.38,4.48
5.677727272730078,2.41,4.48
5.681090909094068,2.44,4.48
5.684454545458059,2.47,4.48
5.68781818182205,2.5,4.48
5.691181818186041,2.52,4.48
5.694545454550032,2.54,4.48
5.697909090914023,2.57,4.48
5.701272727278013,2.6,4.48
5.704636363642004,2.63,4.48
5.708000000005995,2.65,4.48
5.711090909096873,2.68,4.48
5.71418181818775,2.7,4.48
5.717272727278627,2.72,4.48
5.7203636363695045,2.74,4.48
5.723454545460382,2.77,4.48
5.7265454545512595,2.79,4.48
5.729636363642137,2.82,4.48
5.7327272727330145,2.84,4.48
5.735818181823891,2.87,4.48
5.738909090914769,2.89,4.48
5.742000000005646,2.91,4.48
5.745500000005268,2.93,4.48
5.749000000004889,2.95,4.48
5.7525000000045114,2.97,4.48
5.756000000004133,2.99,4.48
5.759500000003754,3.02,4.48
5.763000000003376,3.04,4.48
5.766500000002997,3.06,4.48
5.77000000000262,3.08,4.48
5.773500000002241,3.1,4.48
5.777000000001863,3.12,4.48
5.780777777779601,3.13,4.48
5.784555555557341,3.15,4.48
5.788333333335079,3.17,4.48
5.792111111112819,3.19,4.48
5.795888888890557,3.21,4.48
5.799666666668297,3.23,4.48
5.803444444446035,3.25,4.48
5.807222222223775,3.27,4.48
5.811000000001513,3.29,4.48
5.814000000001794,3.31,4.48
5.817000000002074,3.32,4.48
5.820000000002355,3.34,4.48
5.823000000002636,3.26,0.0
5.8260000000029155,3.14,0.0
5.829000000003196,3.04,0.0
5.832000000003476,2.93,0.0
5.835000000003757,2.84,0.0
5.838000000004038,2.75,0.0
5.841000000004318,2.66,0.0
5.844000000004598,2.58,0.0
5.8476666666708,2.5,0.0
5.851333333337,2.42,0.0
5.855000000003201,2.34,0.0
5.858666666669403,2.27,0.0
5.862333333335603,2.2,0.0
5.866000000001804,2.13,0.0
5.869666666668006,2.06,0.0
5.873333333334206,2.0,0.0
5.8770000000004075,1.93,0.0
5.880800000000454,1.88,0.0
5.884600000000501,1.82,0.0
5.888400000000547,1.76,0.0
5.892200000000594,1.71,0.0
5.89600000000064,1.66,4.49
5.8998000000006865,1.71,4.5
5.903600000000734,1.75,4.49
5.90740000000078,1.79,4.5
5.911200000000827,1.83,4.5
5.915000000000873,1.87,4.5
5.918090909091751,1.9,4.5
5.921181818182628,1.94,4.5
5.924272727273505,1.97,4.5
5.927363636364382,2.01,4.48
5.93045454545526,2.04,4.48
5.933545454546137,2.07,4.48
5.936636363637015,2.1,4.48
5.939727272727892,2.13,4.48
5.942818181818769,2.17,4.48
5.945909090909646,2.2,4.48
5.949000000000524,2.23,4.48
5.952400000000489,2.26,4.48
5.955800000000454,2.29,4.48
5.959200000000419,2.32,4.48
5.962600000000384,2.34,4.48
5.966000000000349,2.37,4.48
5.969400000000315,2.4,4.48
5.972800000000279,2.43,4.48
5.976200000000245,2.46,4.48
5.979600000000209,2.49,4.48
5.983000000000175,2.51,4.48
5.9865000000005235,2.54,4.49
5.990000000000873,2.56,4.48
5.993500000001222,2.59,4.48
5.997000000001572,2.62,4.48
6.000500000001921,2.64,4.48
6.00400000000227,2.67,4.48
6.0075000000026195,2.69,4.48
6.011000000002968,2.71,4.48
6.014500000003318,2.74,4.48
6.018000000003667,2.76,4.48
6.021300000003976,2.79,4.48
6.024600000004284,2.81,4.48
6.027900000004593,2.83,4.48
6.031200000004901,2.85,4.48
6.03450000000521,2.88,4.48
6.037800000005518,2.9,4.48
6.041100000005827,2.92,4.48
6.044400000006135,2.94,4.48
6.047700000006444,2.97,4.48
6.051000000006752,2.99,4.48
6.054800000006071,3.01,4.48
6.05860000000539,3.03,4.48
6.062400000004709,3.05,4.48
6.066200000004028,3.07,4.48
6.070000000003347,3.09,4.48
6.073800000002666,3.11,4.49
6.0776000000019845,3.13,4.48
6.081400000001304,3.15,4.48
6.085200000000623,3.17,4.48
6.088999999999942,3.19,4.48
6.092272727272674,3.21,4.48
6.095545454545407,3.22,4.48
6.09881818181814,3.24,4.48
6.102090909090872,3.26,4.48
6.105363636363605,3.28,4.48
6.108636363636337,3.3,4.48
6.111909090909069,3.32,4.48
6.115181818181802,3.33,4.48
6.118454545454535,3.3,0.0
6.121727272727267,3.18,0.0
6.125,3.08,0.0
6.128272727272733,2.97,0.0
6.131545454545465,2.88,0.0
6.134818181818198,2.78,0.0
6.138090909090931,2.69,0.0
6.141363636363663,2.61,0.0
6.144636363636395,2.52,0.0
6.147909090909128,2.45,0.0
6.15118181818186,2.37,0.0
6.154454545454593,2.29,0.0
6.157727272727326,2.22,0.0
6.161000000000058,2.15,0.0
6.164090909091597,2.08,0.0
6.167181818183136,2.02,0.0
6.170272727274675,1.96,0.0
6.173363636366213,1.89,0.0
6.176454545457752,1.84,0.0
6.179545454549291,1.78,0.0
6.18263636364083,1.73,0.0
6.185727272732368,1.67,0.0
6.188818181823907,1.69,4.5
6.191909090915446,1.74,4.5
6.195000000006985,1.78,4.5
6.198666666673186,1.82,4.5
6.202333333339387,1.85,4.5
6.206000000005588,1.89,4.5
6.209666666671789,1.92,4.5
6.21333333333799,1.96,4.5
6.217000000004191,1.99,4.5
6.220666666670392,2.03,4.48
6.224333333336593,2.06,4.48
6.228000000002794,2.09,4.48
6.23180000000284,2.12,4.48
6.235600000002887,2.15,4.48
6.2394000000029335,2.19,4.48
6.243200000002981,2.22,4.48
6.247000000003027,2.25,4.48
6.250800000003073,2.28,4.48
6.25460000000312,2.3,4.48
6.258400000003166,2.33,4.48
6.262200000003213,2.36,4.48
6.26600000000326,2.39,4.48
6.269166666669965,2.42,4.48
6.272333333336671,2.45,4.48
6.275500000003376,2.48,4.48
6.278666666670081,2.5,4.48
6.281833333336787,2.53,4.48
6.2850000000034925,2.55,4.48
6.288166666670198,2.58,4.48
6.291333333336904,2.61,4.48
6.294500000003609,2.63,4.48
6.297666666670314,2.66,4.48
6.30083333333702,2.68,4.48
6.304000000003725,2.71,4.48
6.3071818181851995,2.73,4.48
6.310363636366674,2.75,4.48
6.313545454548148,2.78,4.48
6.316727272729622,2.8,4.48
6.319909090911096,2.82,4.48
6.323090909092571,2.85,4.48
6.326272727274045,2.87,4.48
6.329454545455519,2.9,4.48
6.332636363636993,2.92,4.48
6.335818181818468,2.94,4.49
6.338999999999942,2.96,4.48
6.34230000000025,2.98,4.48
6.345600000000559,3.0,4.48
6.348900000000867,3.02,4.48
6.352200000001176,3.04,4.48
6.355500000001484,3.06,4.48
6.358800000001793,3.08,4.48
6.362100000002101,3.11,4.48
6.36540000000241,3.13,4.48
6.368700000002718,3.14,4.48
6.372000000003027,3.16,4.48
6.375600000003033,3.18,4.48
6.379200000003038,3.2,4.48
6.382800000003044,3.22,4.48
6.38640000000305,3.24,4.48
6.390000000003056,3.26,4.48
6.393600000003062,3.28,4.48
6.3972000000030675,3.29,4.48
6.400800000003073,3.31,4.48
6.404400000003079,3.33,4.48
6.408000000003085,3.34,4.48
6.4110909090939625,3.22,0.0
6.41418181818484,3.12,0.0
6.417272727275717,3.01,0.0
6.420363636366594,2.92,0.0
6.423454545457472,2.82,0.0
6.426545454548349,2.72,0.0
6.429636363639227,2.64,0.0
6.432727272730104,2.56,0.0
6.435818181820981,2.48,0.0
6.438909090911858,2.4,0.0
6.442000000002736,2.32,0.0
6.445400000002701,2.25,0.0
6.448800000002666,2.18,0.0
6.452200000002631,2.11,0.0
6.455600000002596,2.05,0.0
6.459000000002561,1.98,0.0
6.462400000002527,1.92,0.0
6.465800000002491,1.86,0.0
6.4692000000024565,1.8,0.0
6.472600000002421,1.75,0.0
6.4760000000023865,1.69,0.0
6.479500000002735,1.67,4.5
6.483000000003085,1.72,4.5
6.486500000003434,1.76,4.5
6.490000000003784,1.8,4.5
6.493500000004133,1.84,4.5
6.497000000004482,1.88,4.5
6.500500000004831,1.91,4.5
6.50400000000518,1.95,4.49
6.50750000000553,1.98,4.5
6.511000000005879,2.01,4.48
6.5147777777836176,2.05,4.48
6.518555555561357,2.08,4.48
6.522333333339096,2.11,4.48
6.526111111116835,2.14,4.48
6.529888888894574,2.18,4.48
6.533666666672313,2.21,4.48
6.537444444450052,2.24,4.48
6.541222222227791,2.27,4.48
6.54500000000553,2.29,4.48
6.548300000005111,2.32,4.48
6.551600000004692,2.35,4.48
6.554900000004272,2.38,4.48
6.558200000003853,2.41,4.48
6.561500000003434,2.44,4.48
6.564800000003015,2.47,4.48
6.568100000002596,2.49,4.48
6.571400000002177,2.52,4.48
6.574700000001758,2.54,4.48
6.578000000001339,2.57,4.48
6.581181818183475,2.6,4.48
6.58436363636561,2.62,4.48
6.587545454547746,2.65,4.48
6.590727272729882,2.67,4.48
6.5939090909120175,2.7,4.48
6.5970909090941525,2.72,4.48
6.600272727276288,2.74,4.48
6.603454545458424,2.77,4.48
6.60663636364056,2.79,4.48
6.609818181822695,2.81,4.48
6.613000000004831,2.84,4.48
6.6166666666710325,2.86,4.48
6.620333333337233,2.89,4.48
6.624000000003434,2.91,4.48
6.6276666666696356,2.93,4.48
6.631333333335836,2.95,4.48
6.635000000002037,2.97,4.48
6.638666666668239,2.99,4.48
6.642333333334439,3.01,4.48
6.64600000000064,3.03,4.48
6.649300000000949,3.06,4.48
6.652600000001257,3.08,4.48
6.655900000001566,3.1,4.48
6.659200000001874,3.12,4.48
6.662500000002183,3.13,4.48
6.665800000002491,3.15,4.48
6.6691000000028,3.17,4.48
6.672400000003108,3.19,4.48
6.675700000003417,3.21,4.48
6.679000000003725,3.23,4.48
6.682300000004034,3.25,4.48
6.685600000004342,3.27,4.48
6.688900000004651,3.29,4.48
6.692200000004959,3.3,4.48
6.695500000005268,3.32,4.48
6.698800000005576,3.34,4.48
6.702100000005885,3.27,0.0
6.705400000006193,3.15,0.0
6.708700000006502,3.05,0.0
6.71200000000681,2.94,0.0
6.715272727279543,2.85,0.0
6.718545454552276,2.76,0.0
6.721818181825008,2.67,0.0
6.725090909097741,2.59,0.0
6.7283636363704735,2.5,0.0
6.731636363643205,2.43,0.0
6.734909090915938,2.35,0.0
6.738181818188671,2.28,0.0
6.741454545461403,2.2,0.0
6.744727272734136,2.13,0.0
6.7480000000068685,2.07,0.0
6.752222222228334,2.0,0.0
6.7564444444498,1.94,0.0
6.760666666671265,1.88,0.0
6.764888888892731,1.82,0.0
6.769111111114196,1.76,0.0
6.773333333335661,1.71,0.0
6.777555555557127,1.66,0.0
6.781777777778593,1.7,4.5
6.786000000000058,1.75,4.5
6.789272727272791,1.79,4.5
6.7925454545455235,1.83,4.5
6.795818181818256,1.86,4.5
6.799090909090989,1.9,4.5
6.802363636363721,1.93,4.5
6.805636363636453,1.97,4.5
6.808909090909186,2.0,4.48
6.8121818181819185,2.04,4.48
6.815454545454651,2.07,4.48
6.818727272727384,2.1,4.48
6.822000000000116,2.13,4.48
6.825090909090994,2.16,4.48
6.828181818181871,2.2,4.48
6.831272727272748,2.22,4.48
6.8343636363636255,2.26,4.48
6.837454545454503,2.29,4.48
6.8405454545453805,2.31,4.48
6.843636363636258,2.34,4.48
6.8467272727271355,2.37,4.48
6.849818181818012,2.4,4.48
6.85290909090889,2.43,4.48
6.855999999999767,2.46,4.49
6.859000000000048,2.48,4.48
6.862000000000328,2.51,4.48
6.865000000000609,2.53,4.48
6.868000000000889,2.56,4.48
6.871000000001169,2.59,4.48
6.87400000000145,2.61,4.48
6.87700000000173,2.64,4.48
6.880000000002011,2.67,4.48
6.8830000000022915,2.69,4.48
6.886000000002571,2.71,4.48
6.889000000002852,2.73,4.48
6.892888888892129,2.76,4.48
6.896777777781406,2.78,4.48
6.900666666670683,2.81,4.48
6.90455555555996,2.83,4.48
6.908444444449237,2.85,4.48
6.9123333333385135,2.88,4.48
6.916222222227791,2.9,4.48
6.920111111117068,2.92,4.48
6.924000000006345,2.94,4.48
6.92740000000631,2.96,4.48
6.930800000006275,2.98,4.48
6.93420000000624,3.01,4.48
6.937600000006205,3.03,4.48
6.94100000000617,3.05,4.49
6.944400000006135,3.07,4.48
6.9478000000061,3.09,4.48
6.951200000006065,3.11,4.48
6.95460000000603,3.13,4.48
6.958000000005995,3.15,4.48
6.9610000000056145,3.16,4.48
6.964000000005234,3.19,4.48
6.967000000004853,3.2,4.48
6.970000000004472,3.22,4.48
6.973000000004091,3.24,4.48
6.976000000003709,3.26,4.48
6.979000000003328,3.28,4.48
6.982000000002947,3.3,4.48
6.985000000002566,3.31,4.48
6.988000000002185,3.33,4.48
6.991000000001804,3.32,0.0
6.995250000001761,3.19,0.0
6.999500000001717,3.09,0.0
7.0037500000016735,2.98,0.0
7.00800000000163,2.89,0.0
7.012250000001586,2.79,0.0
7.0165000000015425,2.7,0.0
7.020750000001499,2.62,0.0
7.025000000001455,2.53,0.0
7.028090909092333,2.45,0.0
7.03118181818321,2.38,0.0
7.034272727274087,2.3,0.0
7.037363636364964,2.23,0.0
7.040454545455842,2.16,0.0
7.043545454546719,2.09,0.0
7.046636363637597,2.03,0.0
7.049727272728474,1.96,0.0
7.052818181819351,1.9,0.0
7.055909090910228,1.85,0.0
7.059000000001106,1.79,0.0
7.0623000000014144,1.73,0.0
7.065600000001723,1.68,0.0
7.0689000000020314,1.69,4.5
7.07220000000234,1.73,4.5
7.0755000000026484,1.77,4.48
7.078800000002957,1.81,4.48
7.0821000000032654,1.85,4.5
7.085400000003574,1.88,4.5
7.0887000000038825,1.92,4.48
7.092000000004191,1.95,4.5
7.095600000004197,1.99,4.5
7.099200000004203,2.02,4.48
7.102800000004208,2.06,4.48
7.106400000004214,2.09,4.48
7.11000000000422,2.12,4.48
7.113600000004226,2.15,4.48
7.117200000004232,2.18,4.48
7.1208000000042375,2.21,4.48
7.124400000004243,2.25,4.48
7.128000000004249,2.27,4.48
7.131400000004215,2.3,4.48
7.134800000004179,2.33,4.48
7.138200000004145,2.36,4.48
7.141600000004109,2.39,4.48
7.1450000000040745,2.42,4.48
7.14840000000404,2.44,4.48
7.1518000000040045,2.47,4.48
7.15520000000397,2.5,4.48
7.1586000000039345,2.52,4.48
7.1620000000039,2.55,4.48
7.165700000003563,2.58,4.48
7.1694000000032245,2.6,4.48
7.173100000002887,2.63,4.48
7.176800000002549,2.65,4.48
7.180500000002212,2.68,4.48
7.184200000001875,2.71,4.48
7.1879000000015365,2.72,4.48
7.191600000001199,2.75,4.48
7.195300000000861,2.77,4.48
7.199000000000524,2.8,4.48
7.202090909091401,2.82,4.48
7.205181818182279,2.84,4.48
7.2082727272731555,2.87,4.49
7.211363636364033,2.89,4.48
7.2144545454549105,2.91,4.48
7.217545454545788,2.93,4.48
7.2206363636366655,2.96,4.48
7.223727272727543,2.98,4.48
7.22681818181842,3.0,4.48
7.229909090909297,3.02,4.48
7.233000000000175,3.04,4.48
7.236090909091052,3.06,4.48
7.23918181818193,3.08,4.48
7.242272727272806,3.1,4.48
7.245363636363684,3.12,4.48
7.248454545454561,3.14,4.48
7.251545454545439,3.16,4.48
7.254636363636316,3.18,4.48
7.257727272727194,3.2,4.48
7.26081818181807,3.22,4.48
7.263909090908948,3.23,4.48
7.266999999999825,3.25,4.48
7.271222222222099,3.27,4.48
7.275444444444373,3.29,4.48
7.279666666666647,3.31,4.48
7.283888888888921,3.33,4.48
7.288111111111196,3.34,4.48
7.2923333333334694,3.24,0.0
7.296555555555743,3.13,0.0
7.300777777778017,3.02,0.0
7.305000000000291,2.92,0.0
7.308000000000572,2.83,0.0
7.311000000000852,2.74,0.0
7.3140000000011325,2.65,0.0
7.317000000001413,2.57,0.0
7.320000000001693,2.49,0.0
7.323000000001974,2.41,0.0
7.326000000002254,2.33,0.0
7.329000000002535,2.26,0.0
7.332000000002815,2.19,0.0
7.335000000003095,2.12,0.0
7.338000000003376,2.05,0.0
7.3413000000036845,1.99,0.0
7.344600000003993,1.93,0.0
7.3479000000043015,1.87,0.0
7.35120000000461,1.81,0.0
7.3545000000049185,1.75,0.0
7.357800000005227,1.7,0.0
7.3611000000055355,1.67,4.49
7.364400000005844,1.71,4.5
7.3677000000061525,1.76,4.5
7.371000000006461,1.8,4.5
7.3745000000060825,1.84,4.49
7.378000000005704,1.87,4.5
7.381500000005326,1.9,4.48
7.385000000004948,1.94,4.5
7.388500000004569,1.97,4.5
7.392000000004191,2.01,4.48
7.395500000003812,2.04,4.48
7.399000000003435,2.08,4.48
7.402500000003056,2.11,4.48
7.4060000000026776,2.14,4.48
7.409500000003026,2.17,4.48
7.413000000003376,2.2,4.48
7.416500000003725,2.23,4.48
7.420000000004075,2.26,4.48
7.423500000004424,2.29,4.48
7.427000000004773,2.32,4.48
7.4305000000051225,2.35,4.48
7.434000000005471,2.38,4.48
7.437500000005821,2.41,4.48
7.44100000000617,2.44,4.48
7.4445000000057915,2.46,4.48
7.448000000005413,2.49,4.48
7.451500000005035,2.51,4.48
7.455000000004657,2.54,4.48
7.458500000004278,2.57,4.48
7.4620000000039,2.59,4.48
7.465500000003521,2.62,4.48
7.469000000003144,2.64,4.48
7.472500000002765,2.67,4.48
7.4760000000023865,2.69,4.48
7.479181818184522,2.72,4.48
7.4823636363666575,2.74,4.48
7.485545454548793,2.77,4.48
7.488727272730929,2.79,4.48
7.491909090913065,2.81,4.48
7.4950909090952,2.84,4.48
7.498272727277336,2.86,4.48
7.501454545459472,2.88,4.48
7.504636363641608,2.9,4.48
7.507818181823743,2.92,4.48
7.511000000005879,2.95,4.48
7.5140909090967565,2.97,4.48
7.517181818187634,2.99,4.48
7.520272727278511,3.01,4.48
7.523363636369388,3.03,4.48
7.526454545460266,3.05,4.48
7.529545454551143,3.07,4.48
7.532636363642021,3.09,4.48
7.535727272732898,3.11,4.48
7.538818181823775,3.13,4.48
7.541909090914652,3.15,4.48
7.54500000000553,3.17,4.48
7.548888888893998,3.19,4.48
7.552777777782467,3.21,4.48
7.556666666670935,3.23,4.48
7.560555555559404,3.25,4.48
7.564444444447872,3.26,4.48
7.568333333336341,3.28,4.48
7.572222222224809,3.3,4.48
7.576111111113278,3.32,4.48
7.580000000001746,3.33,4.48
7.583400000001712,3.28,0.0
7.586800000001676,3.16,0.0
7.590200000001642,3.06,0.0
7.593600000001606,2.96,0.0
7.597000000001572,2.86,0.0
7.600400000001537,2.77,0.0
7.603800000001502,2.68,0.0
7.607200000001467,2.59,0.0
7.6106000000014316,2.51,0.0
7.614000000001397,2.43,0.0
7.617000000001678,2.36,0.0
7.620000000001958,2.28,0.0
7.623000000002238,2.21,0.0
7.626000000002519,2.14,0.0
7.629000000002799,2.08,0.0
7.63200000000308,2.01,0.0
7.63500000000336,1.95,0.0
7.6380000000036405,1.88,0.0
7.641000000003921,1.83,0.0
7.644000000004201,1.77,0.0
7.647000000004482,1.72,0.0
7.6505000000041035,1.67,0.0
7.654000000003725,1.7,4.5
7.657500000003347,1.75,4.5
7.661000000002969,1.79,4.5
7.66450000000259,1.82,4.5
7.668000000002212,1.86,4.5
7.671500000001833,1.89,4.5
7.6750000000014555,1.93,4.5
7.678500000001077,1.96,4.5
7.6820000000006985,2.0,4.5
7.685777777778437,2.03,4.48
7.6895555555561765,2.07,4.48
7.693333333333915,2.09,4.48
7.697111111111655,2.13,4.48
7.700888888889393,2.16,4.48
7.704666666667133,2.19,4.48
7.708444444444871,2.22,4.48
7.712222222222611,2.25,4.48
7.716000000000349,2.28,4.48
7.719181818182485,2.31,4.48
7.72236363636462,2.34,4.48
7.725545454546756,2.37,4.49
7.728727272728892,2.4,4.48
7.731909090911028,2.43,4.48
7.735090909093163,2.45,4.48
7.738272727275299,2.48,4.48
7.741454545457435,2.5,4.48
7.744636363639571,2.53,4.48
7.747818181821706,2.56,4.48
7.751000000003842,2.58,4.48
7.754800000003888,2.61,4.48
7.758600000003935,2.64,4.48
7.762400000003981,2.66,4.48
7.766200000004028,2.69,4.48
7.7700000000040745,2.71,4.48
7.773800000004121,2.73,4.48
7.777600000004168,2.76,4.48
7.781400000004214,2.78,4.48
7.785200000004261,2.8,4.48
7.789000000004307,2.83,4.48
7.7920000000039265,2.85,4.48
7.7950000000035455,2.87,4.48
7.798000000003165,2.9,4.48
7.801000000002784,2.92,4.48
7.804000000002403,2.94,4.48
7.807000000002021,2.96,4.48
7.81000000000164,2.98,4.49
7.813000000001259,3.0,4.48
7.816000000000878,3.02,4.48
7.819000000000497,3.05,4.48
7.822000000000116,3.07,4.48
7.825090909090994,3.09,4.48
7.828181818181871,3.11,4.48
7.831272727272748,3.13,4.48
7.8343636363636255,3.14,4.48
7.837454545454503,3.16,4.48
7.8405454545453805,3.18,4.48
7.843636363636258,3.2,4.48
7.8467272727271355,3.22,4.48
7.849818181818012,3.24,4.48
7.85290909090889,3.26,4.48
7.855999999999767,3.28,4.48
7.859888888889044,3.3,4.48
7.863777777778321,3.31,4.48
7.867666666667598,3.33,4.48
7.871555555556875,3.33,0.0
7.875444444446152,3.21,0.0
7.8793333333354285,3.1,0.0
7.883222222224706,2.99,0.0
7.887111111113983,2.9,0.0
7.89100000000326,2.8,0.0
7.8945000000036085,2.71,0.0
7.898000000003958,2.63,0.0
7.901500000004307,2.54,0.0
7.905000000004657,2.46,0.0
7.908500000005006,2.38,0.0
7.912000000005355,2.31,0.0
7.9155000000057045,2.24,0.0
7.919000000006053,2.17,0.0
7.922500000006403,2.1,0.0
7.926000000006752,2.04,0.0
7.929000000006371,1.97,0.0
7.93200000000599,1.91,0.0
7.935000000005609,1.85,0.0
7.938000000005228,1.79,0.0
7.9410000000048475,1.74,0.0
7.944000000004466,1.68,0.0
7.947000000004085,1.68,4.48
7.950000000003704,1.73,4.5
7.953000000003323,1.77,4.48
7.956000000002942,1.81,4.48
7.959000000002561,1.85,4.5
7.962888888891838,1.88,4.5
7.966777777781115,1.91,4.48
7.970666666670392,1.95,4.5
7.974555555559669,1.98,4.5
7.978444444448946,2.02,4.48
7.9823333333382225,2.05,4.48
7.9862222222275,2.08,4.48
7.990111111116777,2.11,4.48
7.994000000006054,2.15,4.48
7.997300000005635,2.18,4.48
8.000600000005216,2.21,4.48
8.003900000004796,2.24,4.48
8.007200000004378,2.27,4.48
8.010500000003958,2.3,4.48
8.013800000003538,2.33,4.48
8.01710000000312,2.36,4.48
8.0204000000027,2.39,4.48
8.023700000002282,2.41,4.48
8.027000000001863,2.44,4.48
8.03009090909274,2.47,4.48
8.033181818183618,2.5,4.48
8.036272727274495,2.52,4.48
8.039363636365373,2.55,4.48
8.04245454545625,2.57,4.48
8.045545454547126,2.6,4.48
8.048636363638003,2.63,4.48
8.051727272728881,2.65,4.48
8.054818181819758,2.68,4.48
8.057909090910636,2.7,4.48
8.061000000001513,2.72,4.48
8.064777777779252,2.75,4.48
8.06855555555699,2.77,4.48
8.072333333334731,2.79,4.49
8.07611111111247,2.82,4.48
8.079888888890208,2.84,4.48
8.083666666667947,2.87,4.48
8.087444444445687,2.89,4.48
8.091222222223426,2.91,4.48
8.095000000001164,2.93,4.48
8.098700000001553,2.95,4.48
8.102400000001944,2.97,4.48
8.106100000002334,3.0,4.48
8.109800000002725,3.02,4.48
8.113500000003114,3.04,4.48
8.117200000003503,3.06,4.48
8.120900000003894,3.08,4.48
8.124600000004284,3.1,4.48
8.128300000004675,3.12,4.48
8.132000000005064,3.13,4.48
8.135181818186538,3.16,4.48
8.138363636368013,3.18,4.48
8.141545454549487,3.2,4.48
8.144727272730961,3.21,4.48
8.147909090912435,3.23,4.48
8.15109090909391,3.25,4.48
8.154272727275384,3.27,4.48
8.157454545456858,3.29,4.48
8.160636363638332,3.31,4.5
8.163818181819806,3.33,4.48
8.16700000000128,3.34,4.48
8.170454545455868,3.25,0.0
8.173909090910456,3.13,0.0
8.177363636365044,3.03,0.0
8.180818181819632,2.93,0.0
8.18427272727422,2.84,0.0
8.187727272728807,2.74,0.0
8.191181818183395,2.66,0.0
8.194636363637983,2.57,0.0
8.19809090909257,2.5,0.0
8.201545454547158,2.41,0.0
8.205000000001746,2.34,0.0
8.208000000002027,2.27,0.0
8.211000000002308,2.19,0.0
8.214000000002587,2.12,0.0
8.217000000002868,2.06,0.0
8.220000000003148,1.99,0.0
8.22300000000343,1.93,0.0
8.22600000000371,1.88,0.0
8.22900000000399,1.81,0.0
8.23200000000427,1.76,0.0
8.23500000000455,1.7,0.0
8.238000000004831,1.66,4.49
8.24177777778257,1.71,4.49
8.245555555560308,1.75,4.5
8.249333333338049,1.79,4.5
8.253111111115787,1.83,4.5
8.256888888893526,1.87,4.5
8.260666666671264,1.9,4.5
8.264444444449005,1.94,4.5
8.268222222226743,1.97,4.5
8.272000000004482,2.01,4.48
8.275700000004145,2.04,4.48
8.279400000003807,2.07,4.48
8.283100000003468,2.1,4.48
8.286800000003131,2.13,4.48
8.290500000002794,2.17,4.48
8.294200000002457,2.2,4.48
8.29790000000212,2.23,4.48
8.30160000000178,2.26,4.48
8.305300000001443,2.29,4.48
8.309000000001106,2.32,4.48
8.312000000001387,2.34,4.48
8.315000000001668,2.37,4.48
8.318000000001947,2.4,4.48
8.321000000002227,2.43,4.48
8.324000000002508,2.46,4.48
8.327000000002789,2.49,4.48
8.33000000000307,2.51,4.48
8.33300000000335,2.54,4.48
8.33600000000363,2.56,4.48
8.33900000000391,2.59,4.48
8.342000000004191,2.62,4.48
8.345090909095068,2.64,4.48
8.348181818185946,2.67,4.48
8.351272727276823,2.69,4.48
8.354363636367701,2.71,4.48
8.357454545458578,2.74,4.48
8.360545454549454,2.76,4.48
8.363636363640332,2.79,4.48
8.36672727273121,2.81,4.48
8.369818181822087,2.83,4.48
8.372909090912964,2.86,4.48
8.376000000003842,2.88,4.48
8.37966666667085,2.9,4.48
8.38333333333786,2.92,4.48
8.38700000000487,2.94,4.48
8.39066666667188,2.96,4.48
8.394333333338889,2.99,4.48
8.398000000005899,3.01,4.48
8.401666666672908,3.03,4.48
8.405333333339918,3.05,4.48
8.409000000006927,3.07,4.48
8.412500000006549,3.09,4.48
8.41600000000617,3.11,4.48
8.419500000005792,3.13,4.48
8.423000000005413,3.15,4.48
8.426500000005035,3.17,4.48
8.430000000004657,3.19,4.48
8.433500000004278,3.21,4.48
8.4370000000039,3.22,4.48
8.44050000000352,3.25,4.48
8.444000000003143,3.26,4.48
8.447300000003452,3.28,4.48
8.45060000000376,3.3,4.48
8.453900000004069,3.32,4.48
8.457200000004377,3.33,4.48
8.460500000004686,3.3,0.0
8.463800000004994,3.17,0.0
8.467100000005303,3.07,0.0
8.470400000005611,2.97,0.0
8.47370000000592,2.87,0.0
8.477000000006228,2.78,0.0
8.480090909097106,2.69,0.0
8.483181818187983,2.6,0.0
8.48627272727886,2.52,0.0
8.489363636369738,2.44,0.0
8.492454545460616,2.36,0.0
8.495545454551491,2.29,0.0
8.498636363642369,2.22,0.0
8.501727272733246,2.15,0.0
8.504818181824124,2.08,0.0
8.507909090915001,2.02,0.0
8.511000000005879,1.95,0.0
8.515125000005355,1.89,0.0
8.519250000004831,1.84,0.0
8.523375000004307,1.78,0.0
8.527500000003783,1.72,0.0
8.53162500000326,1.67,0.0
8.535750000002736,1.69,4.5
8.539875000002212,1.74,4.5
8.544000000001688,1.78,4.5
8.547090909092566,1.82,4.5
8.550181818183443,1.86,4.5
8.55327272727432,1.89,4.5
8.556363636365198,1.93,4.5
8.559454545456076,1.96,4.5
8.562545454546951,1.99,4.5
8.565636363637829,2.03,4.48
8.568727272728706,2.06,4.48
8.571818181819584,2.09,4.48
8.574909090910461,2.12,4.48
8.578000000001339,2.16,4.48
8.581400000001304,2.19,4.48
8.58480000000127,2.22,4.48
8.588200000001233,2.25,4.48
8.591600000001199,2.28,4.49
8.595000000001164,2.31,4.48
8.59840000000113,2.33,4.48
8.601800000001095,2.36,4.48
8.605200000001059,2.39,4.48
8.608600000001024,2.42,4.48
8.61200000000099,2.45,4.48
8.615666666667998,2.48,4.48
8.619333333335009,2.5,4.48
8.623000000002017,2.53,4.48
8.626666666669028,2.55,4.48
8.630333333336036,2.58,4.48
8.634000000003047,2.61,4.48
8.637666666670055,2.63,4.48
8.641333333337066,2.66,4.48
8.645000000004075,2.69,4.48
8.648700000003737,2.71,4.48
8.6524000000034,2.73,4.48
8.656100000003061,2.75,4.48
8.659800000002724,2.78,4.48
8.663500000002387,2.8,4.48
8.66720000000205,2.83,4.48
8.670900000001712,2.85,4.48
8.674600000001373,2.87,4.48
8.678300000001036,2.89,4.48
8.682000000000698,2.92,4.49
8.685090909091576,2.94,4.48
8.688181818182453,2.96,4.48
8.691272727273331,2.98,4.48
8.694363636364209,3.0,4.48
8.697454545455086,3.02,4.48
8.700545454545962,3.04,4.48
8.70363636363684,3.07,4.48
8.706727272727717,3.08,4.48
8.709818181818594,3.11,4.48
8.712909090909472,3.13,4.48
8.71600000000035,3.14,4.48
8.719666666667358,3.16,4.48
8.723333333334368,3.18,4.48
8.727000000001377,3.2,4.48
8.730666666668387,3.22,4.48
8.734333333335396,3.24,4.48
8.738000000002407,3.26,4.48
8.741666666669415,3.28,4.48
8.745333333336426,3.3,4.48
8.749000000003434,3.31,4.48
8.75218181818557,3.33,4.48
8.755363636367706,3.34,4.48
8.758545454549841,3.22,0.0
8.761727272731976,3.11,0.0
8.764909090914113,3.0,0.0
8.768090909096248,2.91,0.0
8.771272727278385,2.81,0.0
8.77445454546052,2.72,0.0
8.777636363642655,2.64,0.0
8.780818181824792,2.55,0.0
8.784000000006927,2.47,0.0
8.787400000006892,2.39,0.0
8.790800000006858,2.32,0.0
8.794200000006821,2.25,0.0
8.797600000006787,2.18,0.0
8.801000000006752,2.11,0.0
8.804400000006718,2.04,0.0
8.807800000006683,1.98,0.0
8.811200000006647,1.91,0.0
8.814600000006612,1.86,0.0
8.818000000006577,1.8,0.0
8.822222222228042,1.74,0.0
8.826444444449509,1.69,0.0
8.830666666670973,1.67,4.5
8.83488888889244,1.72,4.5
8.839111111113905,1.76,4.5
8.843333333335371,1.8,4.5
8.847555555556836,1.84,4.5
8.851777777778302,1.88,4.5
8.855999999999767,1.91,4.5
8.858692307692344,1.95,4.5
8.86138461538492,1.98,4.5
8.864076923077496,2.01,4.48
8.866769230770073,2.05,4.48
8.869461538462648,2.08,4.48
8.872153846155225,2.11,4.48
8.874846153847802,2.14,4.48
8.877538461540379,2.18,4.48
8.880230769232954,2.21,4.48
8.88292307692553,2.24,4.48
8.885615384618108,2.27,4.48
8.888307692310683,2.29,4.48
8.89100000000326,2.32,4.48
8.894777777780998,2.35,4.48
8.898555555558737,2.38,4.48
8.902333333336477,2.41,4.48
8.906111111114216,2.44,4.48
8.909888888891954,2.47,4.48
8.913666666669693,2.5,4.48
8.917444444447433,2.52,4.48
8.921222222225172,2.55,4.48
8.92500000000291,2.57,4.48
8.928181818185045,2.6,4.48
8.931363636367182,2.62,4.48
8.934545454549317,2.65,4.48
8.937727272731452,2.67,4.48
8.940909090913589,2.7,4.48
8.944090909095724,2.72,4.49
8.947272727277861,2.74,4.48
8.950454545459996,2.77,4.48
8.953636363642131,2.79,4.48
8.956818181824268,2.82,4.48
8.960000000006403,2.84,4.48
8.963400000006368,2.86,4.48
8.966800000006334,2.89,4.48
8.970200000006297,2.91,4.48
8.973600000006263,2.93,4.48
8.977000000006228,2.95,4.48
8.980400000006194,2.97,4.48
8.983800000006159,2.99,4.48
8.987200000006123,3.01,4.48
8.990600000006088,3.03,4.48
8.994000000006054,3.06,4.48
8.997090909096931,3.08,4.48
9.000181818187809,3.1,4.48
9.003272727278686,3.12,4.48
9.006363636369564,3.13,4.48
9.009454545460441,3.15,4.48
9.012545454551317,3.17,4.48
9.015636363642194,3.19,4.48
9.018727272733072,3.21,4.48
9.02181818182395,3.23,4.48
9.024909090914827,3.25,4.49
9.028000000005704,3.27,4.48
9.031666666671905,3.29,4.48
9.035333333338107,3.3,4.48
9.039000000004307,3.32,4.48
9.042666666670508,3.34,4.48
9.04633333333671,3.26,0.0
9.05000000000291,3.15,0.0
9.05366666666911,3.04,0.0
9.057333333335313,2.94,0.0
9.061000000001513,2.85,0.0
9.064400000001479,2.76,0.0
9.067800000001444,2.67,0.0
9.071200000001408,2.58,0.0
9.074600000001373,2.5,0.0
9.078000000001339,2.42,0.0
9.081400000001304,2.35,0.0
9.08480000000127,2.27,0.0
9.088200000001233,2.2,0.0
9.091600000001199,2.13,0.0
9.095000000001164,2.07,0.0
9.098300000001473,2.0,0.0
9.101600000001781,1.94,0.0
9.10490000000209,1.88,0.0
9.108200000002398,1.82,0.0
9.111500000002707,1.76,0.0
9.114800000003015,1.71,0.0
9.118100000003324,1.66,0.0
9.121400000003632,1.71,4.5
9.12470000000394,1.75,4.48
9.12800000000425,1.79,4.5
9.131400000004215,1.83,4.5
9.13480000000418,1.87,4.5
9.138200000004144,1.9,4.5
9.141600000004109,1.93,4.5
9.145000000004075,1.97,4.5
9.14840000000404,2.0,4.48
9.151800000004005,2.04,4.48
9.155200000003969,2.07,4.48
9.158600000003934,2.1,4.48
9.1620000000039,2.13,4.48
9.165500000003522,2.16,4.48
9.169000000003143,2.19,4.48
9.172500000002765,2.23,4.48
9.176000000002386,2.26,4.48
9.179500000002008,2.29,4.48
9.18300000000163,2.31,4.48
9.186500000001251,2.34,4.48
9.190000000000873,2.37,4.48
9.193500000000494,2.4,4.48
9.197000000000116,2.43,4.48
9.200300000000425,2.46,4.48
9.203600000000733,2.48,4.48
9.206900000001042,2.51,4.48
9.21020000000135,2.53,4.48
9.213500000001659,2.56,4.48
9.216800000001967,2.59,4.48
9.220100000002276,2.61,4.48
9.223400000002584,2.64,4.48
9.226700000002893,2.67,4.48
9.230000000003201,2.69,4.48
9.23345454545779,2.71,4.48
9.236909090912377,2.74,4.48
9.240363636366965,2.76,4.48
9.243818181821553,2.78,4.48
9.24727272727614,2.81,4.48
9.250727272730728,2.83,4.48
9.254181818185316,2.86,4.48
9.257636363639904,2.88,4.48
9.261090909094492,2.9,4.48
9.26454545454908,2.92,4.48
9.268000000003667,2.94,4.48
9.271400000003633,2.96,4.48
9.274800000003598,2.98,4.48
9.278200000003562,3.01,4.48
9.281600000003527,3.03,4.48
9.285000000003492,3.05,4.48
9.288400000003458,3.07,4.48
9.291800000003423,3.09,4.48
9.295200000003387,3.11,4.48
9.298600000003352,3.13,4.48
9.302000000003318,3.15,4.48
9.305500000003667,3.17,4.48
9.309000000004016,3.18,4.48
9.312500000004366,3.21,4.48
9.316000000004715,3.22,4.48
9.319500000005064,3.24,4.48
9.323000000005413,3.26,4.48
9.326500000005762,3.28,4.48
9.330000000006113,3.3,4.48
9.333500000006461,3.32,4.48
9.33700000000681,3.33,4.48
9.340090909097688,3.31,0.0
9.343181818188565,3.19,0.0
9.346272727279443,3.08,0.0
9.34936363637032,2.98,0.0
9.352454545461198,2.88,0.0
9.355545454552074,2.79,0.0
9.358636363642951,2.7,0.0
9.361727272733829,2.61,0.0
9.364818181824706,2.53,0.0
9.367909090915584,2.45,0.0
9.371000000006461,2.37,0.0
9.374300000006041,2.3,0.0
9.377600000005623,2.23,0.0
9.380900000005203,2.16,0.0
9.384200000004785,2.09,0.0
9.387500000004366,2.02,0.0
9.390800000003946,1.96,0.0
9.394100000003528,1.9,0.0
9.397400000003108,1.84,0.0
9.40070000000269,1.79,0.0
9.40400000000227,1.73,0.0
9.407666666669279,1.67,0.0
9.41133333333629,1.69,4.5
9.415000000003298,1.73,4.5
9.418666666670308,1.77,4.5
9.422333333337317,1.81,4.5
9.426000000004327,1.85,4.48
9.429666666671336,1.88,4.5
9.433333333338346,1.92,4.5
9.437000000005355,1.96,4.5
9.440600000005361,1.99,4.5
9.444200000005367,2.02,4.48
9.447800000005373,2.06,4.48
9.451400000005378,2.09,4.48
9.455000000005384,2.12,4.48
9.45860000000539,2.15,4.48
9.462200000005396,2.18,4.49
9.465800000005402,2.22,4.48
9.469400000005407,2.25,4.48
9.473000000005413,2.28,4.48
9.476272727278145,2.3,4.48
9.479545454550879,2.33,4.48
9.48281818182361,2.36,4.48
9.486090909096344,2.39,4.48
9.489363636369076,2.42,4.48
9.49263636364181,2.45,4.48
9.495909090914541,2.48,4.48
9.499181818187274,2.5,4.48
9.502454545460006,2.53,4.48
9.50572727273274,2.55,4.48
9.509000000005472,2.58,4.48
9.51277777778321,2.6,4.48
9.516555555560949,2.63,4.48
9.520333333338689,2.66,4.48
9.524111111116428,2.68,4.48
9.527888888894166,2.71,4.48
9.531666666671905,2.73,4.48
9.535444444449645,2.75,4.48
9.539222222227384,2.78,4.48
9.543000000005122,2.8,4.48
9.546090909096,2.82,4.48
9.549181818186877,2.85,4.49
9.552272727277755,2.87,4.48
9.555363636368632,2.89,4.48
9.55845454545951,2.92,4.48
9.561545454550386,2.93,4.48
9.564636363641263,2.96,4.48
9.56772727273214,2.98,4.48
9.570818181823018,3.0,4.48
9.573909090913896,3.02,4.48
9.577000000004773,3.04,4.48
9.580400000004738,3.06,4.48
9.583800000004704,3.08,4.48
9.587200000004668,3.1,4.48
9.590600000004633,3.12,4.48
9.594000000004598,3.14,4.48
9.597400000004564,3.16,4.48
9.60080000000453,3.18,4.48
9.604200000004493,3.2,4.48
9.607600000004458,3.22,4.48
9.611000000004424,3.24,4.48
9.61440000000439,3.26,4.48
9.617800000004355,3.27,4.48
9.621200000004318,3.29,4.48
9.624600000004284,3.31,4.48
9.62800000000425,3.33,4.48
9.631400000004215,3.34,4.48
9.63480000000418,3.23,0.0
9.638200000004144,3.13,0.0
9.641600000004109,3.02,0.0
9.645000000004075,2.92,0.0
9.64840000000404,2.83,0.0
9.651800000004005,2.73,0.0
9.655200000003969,2.65,0.0
9.658600000003934,2.56,0.0
9.6620000000039,2.48,0.0
9.665400000003865,2.4,0.0
9.66880000000383,2.33,0.0
9.672200000003794,2.26,0.0
9.67560000000376,2.18,0.0
9.679000000003725,2.11,0.0
9.68240000000369,2.05,0.0
9.685800000003656,1.99,0.0
9.68920000000362,1.92,0.0
9.692600000003585,1.87,0.0
9.69600000000355,1.81,0.0
9.699400000003516,1.75,0.0
9.702800000003482,1.69,0.0
9.706200000003445,1.67,4.49
9.70960000000341,1.72,4.5
9.713000000003376,1.76,4.5
9.716400000003341,1.8,4.5
9.719800000003307,1.84,4.5
9.72320000000327,1.88,4.5
9.726600000003236,1.91,4.5
9.730000000003201,1.94,4.5
9.733400000003167,1.98,4.5
9.736800000003132,2.01,4.48
9.740200000003096,2.05,4.48
9.743600000003061,2.08,4.48
9.747000000003027,2.11,4.48
9.751111111114572,2.14,4.48
9.755222222226116,2.17,4.48
9.75933333333766,2.2,4.48
9.763444444449204,2.23,4.48
9.76755555556075,2.27,4.48
9.771666666672294,2.29,4.48
9.775777777783837,2.32,4.48
9.779888888895382,2.35,4.48
9.784000000006927,2.38,4.48
9.787000000006545,2.41,4.48
9.790000000006165,2.43,4.48
9.793000000005783,2.46,4.48
9.796000000005403,2.49,4.48
9.799000000005021,2.51,4.48
9.802000000004641,2.54,4.48
9.80500000000426,2.57,4.48
9.80800000000388,2.59,4.48
9.811000000003498,2.62,4.48
9.814000000003118,2.65,4.49
9.817000000002736,2.67,4.48
9.820700000003125,2.7,4.48
9.824400000003516,2.72,4.48
9.828100000003905,2.74,4.48
9.831800000004296,2.77,4.48
9.835500000004686,2.79,4.48
9.839200000005075,2.81,4.48
9.842900000005466,2.84,4.48
9.846600000005855,2.86,4.48
9.850300000006246,2.88,4.48
9.854000000006636,2.91,4.48
9.85683333333994,2.93,4.48
9.859666666673244,2.95,4.48
9.862500000006548,2.97,4.48
9.865333333339853,2.99,4.48
9.868166666673156,3.01,4.48
9.871000000006461,3.03,4.48
9.873833333339766,3.05,4.48
9.876666666673069,3.08,4.48
9.879500000006374,3.1,4.48
9.882333333339679,3.12,4.48
9.885166666672982,3.13,4.48
9.888000000006286,3.15,4.48
9.891300000005867,3.17,4.48
9.894600000005449,3.19,4.49
9.897900000005029,3.21,4.48
9.90120000000461,3.23,4.48
9.904500000004191,3.25,4.48
9.907800000003771,3.27,4.48
9.911100000003353,3.28,4.48
9.914400000002933,3.3,4.48
9.917700000002515,3.32,4.48
9.921000000002095,3.33,4.48
9.924666666669104,3.27,0.0
9.928333333336115,3.15,0.0
9.932000000003123,3.05,0.0
9.935666666670134,2.95,0.0
9.939333333337142,2.86,0.0
9.943000000004153,2.76,0.0
9.946666666671161,2.68,0.0
9.950333333338172,2.59,0.0
9.95400000000518,2.5,0.0
9.957400000005146,2.43,0.0
9.960800000005111,2.35,0.0
9.964200000005075,2.28,0.0
9.96760000000504,2.21,0.0
9.971000000005006,2.14,0.0
9.974400000004971,2.07,0.0
9.977800000004937,2.01,0.0
9.9812000000049,1.94,0.0
9.984600000004866,1.88,0.0
9.988000000004831,1.83,0.0
9.991300000004411,1.77,0.0
9.994600000003993,1.71,0.0
9.997900000003574,1.66,0.0
10.001200000003156,1.7,4.5
10.004500000002736,1.75,4.5
10.007800000002316,1.79,4.5
10.011100000001898,1.82,4.5
10.014400000001478,1.86,4.5
10.01770000000106,1.89,4.5
10.02100000000064,1.93,4.48
10.024600000000646,1.97,4.5
10.028200000000652,2.0,4.48
10.031800000000658,2.03,4.48
10.035400000000664,2.07,4.48
10.03900000000067,2.1,4.48
10.042600000000675,2.13,4.48
10.046200000000681,2.16,4.48
10.049800000000687,2.19,4.48
10.053400000000693,2.22,4.48
10.057000000000698,2.26,4.48
10.060300000001007,2.28,4.48
10.063600000001315,2.31,4.48
10.066900000001624,2.34,4.48
10.070200000001932,2.37,4.48
10.073500000002241,2.4,4.48
10.07680000000255,2.43,4.48
10.080100000002858,2.45,4.48
10.083400000003166,2.48,4.48
10.086700000003475,2.51,4.48
10.090000000003783,2.53,4.48
10.093400000003749,2.56,4.48
10.096800000003714,2.59,4.48
10.100200000003678,2.61,4.48
10.103600000003643,2.64,4.48
10.107000000003609,2.66,4.48
10.110400000003574,2.69,4.48
10.11380000000354,2.71,4.48
10.117200000003503,2.73,4.48
10.120600000003469,2.76,4.48
10.124000000003434,2.78,4.48
10.127888888892711,2.81,4.48
10.131777777781988,2.83,4.48
10.135666666671264,2.85,4.48
10.139555555560541,2.88,4.48
10.14344444444982,2.9,4.48
10.147333333339096,2.92,4.48
10.151222222228373,2.94,4.48
10.15511111111765,2.96,4.48
10.159000000006927,2.98,4.48
10.162272727279658,3.01,4.48
10.165545454552392,3.03,4.48
10.168818181825124,3.05,4.48
10.172090909097857,3.07,4.48
10.175363636370589,3.09,4.48
10.178636363643323,3.11,4.48
10.181909090916054,3.13,4.48
10.185181818188788,3.14,4.48
10.18845454546152,3.17,4.48
10.191727272734253,3.18,4.48
10.195000000006985,3.2,4.48
10.198000000006603,3.22,4.48
10.201000000006223,3.24,4.48
10.204000000005841,3.26,4.48
10.207000000005461,3.28,4.48
10.21000000000508,3.3,4.48
10.2130000000047,3.31,4.48
10.216000000004318,3.33,4.48
10.219000000003938,3.32,0.0
10.222000000003556,3.2,0.0
10.225000000003176,3.09,0.0
10.228000000002794,2.99,0.0
10.23140000000276,2.89,0.0
10.234800000002725,2.79,0.0
10.238200000002688,2.71,0.0
10.241600000002654,2.62,0.0
10.24500000000262,2.54,0.0
10.248400000002585,2.46,0.0
10.25180000000255,2.38,0.0
10.255200000002514,2.3,0.0
10.25860000000248,2.23,0.0
10.262000000002445,2.16,0.0
10.265777777780183,2.09,0.0
10.269555555557922,2.03,0.0
10.273333333335662,1.96,0.0
10.2771111111134,1.9,0.0
10.28088888889114,1.85,0.0
10.284666666668878,1.79,0.0
10.288444444446618,1.73,0.0
10.292222222224357,1.68,0.0
10.296000000002095,1.68,4.5
10.299000000002376,1.73,4.5
10.302000000002657,1.77,4.5
10.305000000002936,1.81,4.5
10.308000000003217,1.85,4.48
10.311000000003498,1.88,4.5
10.314000000003778,1.92,4.5
10.31700000000406,1.95,4.5
10.32000000000434,1.99,4.5
10.323000000004619,2.02,4.48
10.3260000000049,2.06,4.48
10.32900000000518,2.08,4.49
10.332400000005146,2.12,4.48
10.335800000005111,2.15,4.48
10.339200000005075,2.18,4.48
10.34260000000504,2.21,4.48
10.346000000005006,2.24,4.48
10.349400000004971,2.27,4.48
10.352800000004937,2.3,4.48
10.3562000000049,2.33,4.48
10.359600000004866,2.36,4.48
10.363000000004831,2.39,4.48
10.366800000004877,2.42,4.48
10.370600000004924,2.45,4.48
10.374400000004972,2.47,4.48
10.378200000005018,2.5,4.48
10.382000000005064,2.52,4.48
10.38580000000511,2.55,4.48
10.389600000005156,2.57,4.48
10.393400000005204,2.6,4.48
10.39720000000525,2.63,4.48
10.401000000005297,2.66,4.48
10.404300000004877,2.68,4.48
10.407600000004459,2.7,4.48
10.41090000000404,2.72,4.48
10.414200000003621,2.75,4.48
10.417500000003201,2.77,4.49
10.420800000002782,2.8,4.48
10.424100000002364,2.82,4.48
10.427400000001944,2.85,4.48
10.430700000001526,2.87,4.48
10.434000000001106,2.89,4.48
10.437600000001112,2.91,4.48
10.441200000001118,2.93,4.48
10.444800000001123,2.95,4.48
10.44840000000113,2.98,4.48
10.452000000001135,3.0,4.48
10.45560000000114,3.02,4.48
10.459200000001147,3.04,4.48
10.462800000001153,3.06,4.48
10.466400000001158,3.08,4.48
10.470000000001164,3.1,4.48
10.473090909092042,3.12,4.48
10.47618181818292,3.14,4.48
10.479272727273797,3.16,4.48
10.482363636364674,3.18,4.48
10.485454545455552,3.2,4.48
10.488545454546427,3.22,4.48
10.491636363637305,3.24,4.48
10.494727272728182,3.25,4.48
10.49781818181906,3.27,4.48
10.500909090909937,3.29,4.48
10.504000000000815,3.31,4.48
10.50740000000078,3.33,4.48
10.510800000000746,3.34,4.48
10.51420000000071,3.24,0.0
10.517600000000675,3.13,0.0
10.52100000000064,3.03,0.0
10.524400000000606,2.92,0.0
10.527800000000571,2.83,0.0
10.531200000000535,2.74,0.0
10.5346000000005,2.65,0.0
10.538000000000466,2.57,0.0
10.541300000000774,2.49,0.0
10.544600000001083,2.41,0.0
10.547900000001391,2.33,0.0
10.5512000000017,2.26,0.0
10.554500000002008,2.19,0.0
10.557800000002317,2.12,0.0
10.561100000002625,2.06,0.0
10.564400000002934,1.99,0.0
10.567700000003242,1.93,0.0
10.57100000000355,1.87,0.0
10.574800000003597,1.81,0.0
10.578600000003643,1.75,0.0
10.582400000003691,1.7,0.0
10.586200000003737,1.67,4.48
10.590000000003783,1.71,4.5
10.59380000000383,1.76,4.5
10.597600000003876,1.8,4.5
10.601400000003924,1.84,4.5
10.60520000000397,1.87,4.5
10.609000000004016,1.9,4.5
10.612300000003597,1.94,4.5
10.615600000003178,1.98,4.5
10.618900000002759,2.01,4.48
10.62220000000234,2.04,4.48
10.62550000000192,2.08,4.48
10.628800000001501,2.1,4.48
10.632100000001083,2.14,4.48
10.635400000000663,2.17,4.48
10.638700000000245,2.2,4.48
10.641999999999825,2.23,4.48
10.645090909091364,2.26,4.48
10.648181818182904,2.29,4.48
10.651272727274442,2.32,4.48
10.65436363636598,2.35,4.48
10.657454545457519,2.38,4.48
10.660545454549059,2.41,4.48
10.663636363640597,2.43,4.48
10.666727272732135,2.46,4.48
10.669818181823674,2.49,4.48
10.672909090915214,2.51,4.48
10.676000000006752,2.54,4.48
10.67977777778449,2.57,4.49
10.68355555556223,2.59,4.48
10.68733333333997,2.62,4.48
10.691111111117708,2.64,4.48
10.694888888895447,2.67,4.48
10.698666666673185,2.7,4.48
10.702444444450926,2.72,4.48
10.706222222228664,2.74,4.48
10.710000000006403,2.76,4.48
10.71309090909728,2.79,4.48
10.716181818188158,2.81,4.48
10.719272727279035,2.84,4.48
10.722363636369913,2.86,4.48
10.72545454546079,2.88,4.48
10.728545454551666,2.91,4.48
10.731636363642544,2.92,4.48
10.734727272733421,2.95,4.48
10.737818181824299,2.97,4.48
10.740909090915176,2.99,4.48
10.744000000006054,3.01,4.48
10.747700000005716,3.03,4.48
10.751400000005379,3.05,4.48
10.75510000000504,3.07,4.48
10.758800000004703,3.09,4.48
10.762500000004366,3.11,4.48
10.766200000004028,3.13,4.49
10.769900000003691,3.15,4.48
10.773600000003352,3.17,4.48
10.777300000003015,3.19,4.48
10.781000000002678,3.21,4.48
10.784181818184813,3.23,4.48
10.78736363636695,3.25,4.48
10.790545454549084,3.27,4.48
10.79372727273122,3.28,4.48
10.796909090913356,3.3,4.48
10.800090909095491,3.32,4.48
10.803272727277628,3.33,4.48
10.806454545459763,3.28,0.0
10.809636363641898,3.16,0.0
10.812818181824035,3.06,0.0
10.81600000000617,2.96,0.0
10.81966666667237,2.86,0.0
10.823333333338573,2.77,0.0
10.827000000004773,2.68,0.0
10.830666666670973,2.6,0.0
10.834333333337176,2.51,0.0
10.838000000003376,2.43,0.0
10.841666666669576,2.36,0.0
10.845333333335779,2.29,0.0
10.849000000001979,2.21,0.0
10.852181818184114,2.14,0.0
10.855363636366251,2.08,0.0
10.858545454548386,2.01,0.0
10.861727272730521,1.95,0.0
10.864909090912658,1.89,0.0
10.868090909094793,1.83,0.0
10.87127272727693,1.77,0.0
10.874454545459065,1.72,0.0
10.8776363636412,1.67,0.0
10.880818181823336,1.7,4.5
10.884000000005472,1.74,4.5
10.887700000005134,1.78,4.5
10.891400000004797,1.82,4.5
10.895100000004458,1.86,4.5
10.89880000000412,1.89,4.5
10.902500000003783,1.93,4.5
10.906200000003446,1.96,4.5
10.909900000003109,2.0,4.5
10.91360000000277,2.03,4.48
10.917300000002433,2.06,4.48
10.921000000002095,2.09,4.48
10.924090909092973,2.13,4.48
10.92718181818385,2.16,4.48
10.930272727274728,2.19,4.48
10.933363636365605,2.22,4.48
10.936454545456483,2.25,4.48
10.939545454547359,2.28,4.48
10.942636363638236,2.31,4.48
10.945727272729114,2.34,4.48
10.948818181819991,2.37,4.48
10.951909090910869,2.39,4.48
10.955000000001746,2.42,4.48
10.958400000001712,2.45,4.48
10.961800000001677,2.48,4.48
10.96520000000164,2.5,4.48
10.968600000001606,2.53,4.48
10.972000000001572,2.56,4.48
10.975400000001537,2.58,4.48
10.978800000001502,2.61,4.48
10.982200000001466,2.64,4.48
10.985600000001432,2.66,4.48
10.989000000001397,2.69,4.48
10.992400000001362,2.71,4.48
10.995800000001328,2.73,4.48
10.999200000001291,2.76,4.48
11.002600000001257,2.78,4.48
11.006000000001222,2.8,4.48
11.009400000001188,2.83,4.48
11.012800000001153,2.85,4.48
11.016200000001117,2.87,4.48
11.019600000001082,2.9,4.48
11.023000000001048,2.92,4.48
11.026300000001356,2.94,4.48
11.029600000001665,2.96,4.48
11.032900000001973,2.98,4.48
11.036200000002282,3.0,4.48
11.03950000000259,3.03,4.48
11.042800000002899,3.04,4.48
11.046100000003207,3.07,4.48
11.049400000003516,3.09,4.48
11.052700000003824,3.11,4.48
11.056000000004133,3.13,4.48
11.059777777781871,3.14,4.48
11.06355555555961,3.16,4.48
11.06733333333735,3.18,4.48
11.071111111115089,3.2,4.48
11.074888888892827,3.22,4.48
11.078666666670566,3.24,4.48
11.082444444448306,3.26,4.48
11.086222222226045,3.28,4.48
11.090000000003783,3.3,4.48
11.093700000003446,3.31,4.48
11.097400000003109,3.33,4.48
11.10110000000277,3.33,0.0
11.104800000002433,3.2,0.0
11.108500000002095,3.1,0.0
11.112200000001758,2.99,0.0
11.115900000001421,2.9,0.0
11.119600000001082,2.8,0.0
11.123300000000745,2.71,0.0
11.127000000000407,2.63,0.0
11.130000000000688,2.54,0.0
11.133000000000969,2.46,0.0
11.136000000001248,2.38,0.0
11.139000000001529,2.31,0.0
11.14200000000181,2.24,0.0
11.14500000000209,2.17,0.0
11.148000000002371,2.1,0.0
11.151000000002652,2.03,0.0
11.154000000002931,1.97,0.0
11.157000000003212,1.91,0.0
11.160000000003492,1.85,0.0
11.163363636366823,1.79,0.0
11.166727272730151,1.74,0.0
11.170090909093481,1.68,0.0
11.17345454545681,1.68,4.48
11.17681818182014,1.73,4.5
11.180181818183469,1.77,4.5
11.183545454546799,1.81,4.48
11.186909090910127,1.85,4.5
11.190272727273458,1.88,4.48
11.193636363636786,1.91,4.48
11.197000000000116,1.95,4.5
11.201000000000123,1.98,4.49
11.20500000000013,2.02,4.48
11.209000000000136,2.05,4.48
11.213000000000143,2.08,4.48
11.217000000000148,2.11,4.48
11.221000000000155,2.15,4.48
11.225000000000161,2.18,4.48
11.229000000000168,2.21,4.48
11.233000000000175,2.24,4.48
11.236454545454762,2.27,4.48
11.23990909090935,2.3,4.48
11.243363636363938,2.33,4.48
11.246818181818526,2.36,4.48
11.250272727273114,2.38,4.48
11.253727272727701,2.41,4.48
11.25718181818229,2.44,4.48
11.260636363636877,2.47,4.48
11.264090909091465,2.5,4.48
11.267545454546052,2.52,4.48
11.27100000000064,2.55,4.48
11.273916666667597,2.57,4.48
11.276833333334556,2.6,4.48
11.279750000001513,2.63,4.48
11.28266666666847,2.65,4.48
11.28558333333543,2.68,4.48
11.288500000002387,2.7,4.49
11.291416666669344,2.72,4.48
11.294333333336303,2.75,4.48
11.29725000000326,2.77,4.48
11.300166666670217,2.8,4.48
11.303083333337176,2.82,4.48
11.306000000004133,2.84,4.48
11.309400000004098,2.87,4.48
11.312800000004064,2.89,4.48
11.316200000004027,2.91,4.48
11.319600000003993,2.93,4.48
11.323000000003958,2.95,4.48
11.326400000003924,2.97,4.48
11.329800000003889,2.99,4.48
11.333200000003853,3.02,4.48
11.336600000003818,3.04,4.48
11.340000000003783,3.06,4.48
11.343700000003446,3.08,4.48
11.347400000003109,3.1,4.48
11.35110000000277,3.12,4.48
11.354800000002433,3.13,4.48
11.358500000002095,3.16,4.48
11.362200000001758,3.18,4.48
11.365900000001421,3.2,4.48
11.369600000001082,3.22,4.48
11.373300000000745,3.23,4.48
11.377000000000407,3.25,4.48
11.380363636364399,3.27,4.48
11.38372727272839,3.29,4.48
11.38709090909238,3.31,4.48
11.390454545456372,3.32,4.48
11.393818181820363,3.34,4.48
11.397181818184352,3.25,0.0
11.400545454548343,3.13,0.0
11.403909090912334,3.03,0.0
11.407272727276325,2.93,0.0
11.410636363640316,2.84,0.0
11.414000000004307,2.74,0.0
11.41750000000393,2.66,0.0
11.42100000000355,2.57,0.0
11.424500000003173,2.49,0.0
11.428000000002793,2.41,0.0
11.431500000002416,2.33,0.0
11.435000000002038,2.27,0.0
11.438500000001659,2.19,0.0
11.442000000001281,2.12,0.0
11.445500000000902,2.06,0.0
11.449000000000524,1.99,0.0
11.452000000000805,1.93,0.0
11.455000000001085,1.87,0.0
11.458000000001364,1.82,0.0
11.461000000001645,1.76,0.0
11.464000000001926,1.7,0.0
11.467000000002207,1.66,4.49
11.470000000002488,1.71,4.5
11.473000000002768,1.75,4.5
11.476000000003047,1.79,4.5
11.479000000003328,1.83,4.48
11.482000000003609,1.87,4.5
11.485400000003574,1.9,4.5
11.48880000000354,1.94,4.48
11.492200000003503,1.97,4.5
11.495600000003469,2.01,4.48
11.499000000003434,2.04,4.48
11.5024000000034,2.08,4.48
11.505800000003365,2.1,4.48
11.509200000003329,2.13,4.48
11.512600000003294,2.17,4.48
11.51600000000326,2.2,4.48
11.519600000003265,2.23,4.48
11.523200000003271,2.26,4.48
11.526800000003277,2.29,4.48
11.530400000003283,2.32,4.48
11.534000000003289,2.35,4.48
11.537600000003295,2.38,4.48
11.5412000000033,2.4,4.48
11.544800000003306,2.43,4.48
11.548400000003312,2.46,4.48
11.552000000003318,2.49,4.49
11.555300000003626,2.51,4.48
11.558600000003935,2.54,4.48
11.561900000004243,2.56,4.48
11.565200000004552,2.59,4.48
11.56850000000486,2.62,4.48
11.571800000005169,2.64,4.48
11.575100000005477,2.67,4.48
11.578400000005786,2.69,4.48
11.581700000006094,2.71,4.48
11.585000000006403,2.74,4.48
11.588400000006368,2.76,4.48
11.591800000006334,2.79,4.48
11.595200000006297,2.81,4.48
11.598600000006263,2.83,4.48
11.602000000006228,2.86,4.48
11.605400000006194,2.88,4.48
11.608800000006159,2.9,4.48
11.612200000006123,2.92,4.48
11.615600000006088,2.94,4.48
11.619000000006054,2.97,4.48
11.622300000005634,2.99,4.48
11.625600000005216,3.01,4.48
11.628900000004796,3.03,4.48
11.632200000004378,3.05,4.48
11.635500000003958,3.07,4.49
11.638800000003538,3.09,4.48
11.64210000000312,3.11,4.48
11.6454000000027,3.13,4.48
11.648700000002282,3.15,4.48
11.652000000001863,3.17,4.48
11.655272727274594,3.19,4.48
11.658545454547328,3.21,4.48
11.66181818182006,3.23,4.48
11.665090909092793,3.24,4.48
11.668363636365525,3.26,4.48
11.671636363638259,3.28,4.48
11.67490909091099,3.3,4.48
11.678181818183724,3.32,4.48
11.681454545456456,3.33,4.48
11.684727272729189,3.29,0.0
11.68800000000192,3.17,0.0
11.692111111113466,3.07,0.0
11.69622222222501,2.96,0.0
11.700333333336554,2.87,0.0
11.704444444448098,2.78,0.0
11.708555555559643,2.69,0.0
11.712666666671188,2.6,0.0
11.716777777782731,2.52,0.0
11.720888888894276,2.44,0.0
11.72500000000582,2.36,0.0
11.728000000005439,2.29,0.0
11.731000000005059,2.22,0.0
11.734000000004677,2.15,0.0
11.737000000004297,2.08,0.0
11.740000000003915,2.02,0.0
11.743000000003535,1.95,0.0
11.746000000003153,1.89,0.0
11.749000000002773,1.83,0.0
11.752000000002392,1.78,0.0
11.755000000002012,1.72,0.0
11.75800000000163,1.67,0.0
11.761600000001636,1.7,4.48
11.765200000001641,1.74,4.5
11.768800000001647,1.78,4.5
11.772400000001653,1.82,4.5
11.776000000001659,1.86,4.48
11.779600000001665,1.89,4.5
11.78320000000167,1.92,4.5
11.786800000001676,1.96,4.5
11.790400000001682,1.99,4.5
11.794000000001688,2.03,4.48
11.797363636365679,2.06,4.48
11.80072727272967,2.09,4.48
11.804090909093661,2.12,4.48
11.807454545457652,2.16,4.48
11.810818181821643,2.19,4.48
11.814181818185633,2.22,4.48
11.817545454549624,2.25,4.48
11.820909090913615,2.28,4.48
11.824272727277606,2.31,4.48
11.827636363641597,2.34,4.48
11.831000000005588,2.36,4.48
11.83470000000525,2.39,4.48
11.838400000004913,2.42,4.48
11.842100000004574,2.45,4.48
11.845800000004237,2.48,4.48
11.8495000000039,2.5,4.48
11.853200000003563,2.53,4.48
11.856900000003225,2.56,4.48
11.860600000002886,2.58,4.48
11.86430000000255,2.61,4.48
11.868000000002212,2.64,4.48
11.871363636366203,2.66,4.48
11.874727272730194,2.69,4.48
11.878090909094185,2.71,4.48
11.881454545458176,2.73,4.48
11.884818181822167,2.75,4.48
11.888181818186156,2.78,4.48
11.891545454550148,2.8,4.48
11.894909090914139,2.83,4.48
11.89827272727813,2.85,4.48
11.90163636364212,2.87,4.48
11.905000000006112,2.9,4.48
11.907833333339417,2.92,4.48
11.91066666667272,2.94,4.48
11.913500000006024,2.96,4.48
11.91633333333933,2.98,4.48
11.919166666672632,3.0,4.48
11.922000000005937,3.02,4.48
11.924833333339242,3.04,4.48
11.927666666672545,3.07,4.48
11.93050000000585,3.09,4.48
11.933333333339155,3.11,4.48
11.936166666672458,3.13,4.48
11.939000000005763,3.14,4.48
11.942700000005425,3.16,4.48
11.946400000005088,3.18,4.48
11.950100000004749,3.2,4.48
11.953800000004412,3.22,4.48
11.957500000004075,3.24,4.48
11.961200000003737,3.26,4.48
11.9649000000034,3.28,4.48
11.968600000003061,3.29,4.48
11.972300000002724,3.31,4.48
11.976000000002387,3.33,4.48
11.979500000002735,3.33,0.0
11.983000000003084,3.21,0.0
11.986500000003435,3.1,0.0
11.990000000003784,2.99,0.0
11.993500000004133,2.9,0.0
11.997000000004482,2.8,0.0
12.00050000000483,2.71,0.0
12.004000000005181,2.63,0.0
12.00750000000553,2.54,0.0
12.011000000005879,2.47,0.0
12.014181818187353,2.39,0.0
12.017363636368827,2.31,0.0
12.020545454550302,2.24,0.0
12.023727272731776,2.17,0.0
12.02690909091325,2.1,0.0
12.030090909094724,2.04,0.0
12.033272727276199,1.97,0.0
12.036454545457673,1.91,0.0
12.039636363639147,1.85,0.0
12.042818181820621,1.79,0.0
12.046000000002095,1.74,0.0
12.049500000002444,1.68,0.0
12.053000000002793,1.68,4.5
12.056500000003144,1.73,4.5
12.060000000003493,1.77,4.5
12.063500000003842,1.81,4.5
12.06700000000419,1.85,4.48
12.07050000000454,1.88,4.49
12.07400000000489,1.91,4.5
12.077500000005239,1.95,4.5
12.081000000005588,1.99,4.5
12.08470000000525,2.02,4.48
12.088400000004913,2.05,4.48
12.092100000004574,2.08,4.48
12.095800000004237,2.11,4.48
12.0995000000039,2.15,4.48
12.103200000003563,2.18,4.48
12.106900000003225,2.21,4.48
12.110600000002886,2.24,4.48
12.11430000000255,2.27,4.48
12.118000000002212,2.3,4.48
12.121363636366203,2.33,4.48
12.124727272730194,2.36,4.48
12.128090909094185,2.38,4.48
12.131454545458176,2.41,4.48
12.134818181822167,2.44,4.48
12.138181818186156,2.47,4.48
12.141545454550148,2.5,4.48
12.144909090914139,2.52,4.48
12.14827272727813,2.55,4.48
12.15163636364212,2.57,4.48
